,CPLX_INCIDENT_ID,CPLX_INC_IDENTIFIER,MEMBER_INCIDENT_ID,MEMBER_INC_IDENTIFIER,ICS_209_CPX,FOD_LIST
0,2014_040067_MGC COMPLEX,580435,2014_000059_COTTONWOOD,575968,True,"['{""ID"" : 300021142, ""COORDS"" : (38.08, -114.1917), ""CAUSE"" : ""1(Lightning)"", ""SIZE"" : 1027.0, ""DISC"" : 184, ""CONT"" : 195.0}', '{""ID"" : 300021158, ""COORDS"" : (37.4281, -114.0528), ""CAUSE"" : ""1(Lightning)"", ""SIZE"" : 10332.0, ""DISC"" : 182, ""CONT"" : 195.0}', '{""ID"" : 300026654, ""COORDS"" : (37.4589, -113.9672), ""CAUSE"" : ""1(Lightning)"", ""SIZE"" : 761.0, ""DISC"" : 183, ""CONT"" : 193.0}']"
1,2014_004111_BUZZARD COMPLEX,634805,2014_000067_SADDLE DRAW,634363,True,"['{""ID"" : 300023292, ""MTBS_ID"" : ""OR4362911838720140714(BUZZARD)"", ""COORDS"" : (43.6161, -118.4256), ""CAUSE"" : ""1(Lightning)"", ""SIZE"" : 87141.0, ""DISC"" : 195, ""CONT"" : 246.0}', '{""ID"" : 300023293, ""MTBS_ID"" : ""OR4325911851220140714(BEAVER CREEK)"", ""COORDS"" : (43.6161, -118.4256), ""CAUSE"" : ""1(Lightning)"", ""SIZE"" : 27337.0, ""DISC"" : 195, ""CONT"" : 246.0}', '{""ID"" : 300023294, ""MTBS_ID"" : ""OR4371511840820140714(BARTLETT)"", ""COORDS"" : (43.6161, -118.4256), ""CAUSE"" : ""1(Lightning)"", ""SIZE"" : 3975.0, ""DISC"" : 195, ""CONT"" : 246.0}', '{""ID"" : 300024929, ""MTBS_ID"" : ""OR4332411821620140714(SADDLE DRAW)"", ""COORDS"" : (43.3283, -118.2244), ""CAUSE"" : ""1(Lightning)"", ""SIZE"" : 280141.0, ""DISC"" : 195, ""CONT"" : 246.0}', '{""ID"" : 300155112, ""COORDS"" : (43.3144444, -118.3669444), ""CAUSE"" : ""1(Lightning)"", ""SIZE"" : 10355.0, ""DISC"" : 195, ""CONT"" : ""unknown""}']"
2,2014_000070_LOGGING UNIT FIRES,647372,2014_000070_LOGGING UNIT FIRES,647372,True,"['{""ID"" : 300004838, ""MTBS_ID"" : ""OR4463612175020140713(BEAR BUTTE 2)"", ""COORDS"" : (44.63638889, -121.74972222), ""CAUSE"" : ""1(Lightning)"", ""SIZE"" : 4040.0, ""DISC"" : 194, ""CONT"" : 311.0}', '{""ID"" : 300025074, ""COORDS"" : (45.10711, -121.72996), ""CAUSE"" : ""1(Lightning)"", ""SIZE"" : 0.1, ""DISC"" : 194, ""CONT"" : 195.0}', '{""ID"" : 300025089, ""MTBS_ID"" : ""OR4493212174420140716(LOGGING UNIT FIRES)"", ""COORDS"" : (44.93872, -121.73274), ""CAUSE"" : ""1(Lightning)"", ""SIZE"" : 6103.0, ""DISC"" : 196, ""CONT"" : 290.0}', '{""ID"" : 300025091, ""COORDS"" : (44.9597, -121.7111), ""CAUSE"" : ""1(Lightning)"", ""SIZE"" : 1.0, ""DISC"" : 196, ""CONT"" : 290.0}', '{""ID"" : 300025092, ""MTBS_ID"" : ""OR4493212174420140716(LOGGING UNIT FIRES)"", ""COORDS"" : (44.9317, -121.7436), ""CAUSE"" : ""1(Lightning)"", ""SIZE"" : 316.0, ""DISC"" : 197, ""CONT"" : 290.0}', '{""ID"" : 300025093, ""COORDS"" : (44.9739, -121.7042), ""CAUSE"" : ""1(Lightning)"", ""SIZE"" : 1.5, ""DISC"" : 197, ""CONT"" : 290.0}']"
3,2014_000098_KITTEN COMPLEX,687974,2014_000090_STEMLER,684213,True,"['{""ID"" : 300024937, ""MTBS_ID"" : ""OR4384611806020140723(STEMLER)"", ""COORDS"" : (43.795, -118.0431), ""CAUSE"" : ""1(Lightning)"", ""SIZE"" : 4380.0, ""DISC"" : 204, ""CONT"" : 219.0}', '{""ID"" : 300024938, ""MTBS_ID"" : ""OR4413511774120140723(JUNIPER)"", ""COORDS"" : (44.1392, -117.7283), ""CAUSE"" : ""1(Lightning)"", ""SIZE"" : 1265.0, ""DISC"" : 205, ""CONT"" : 219.0}', '{""ID"" : 300024939, ""MTBS_ID"" : ""OR4410511798020140723(KITTEN CANYON)"", ""COORDS"" : (44.0997, -117.9917), ""CAUSE"" : ""1(Lightning)"", ""SIZE"" : 4265.0, ""DISC"" : 204, ""CONT"" : 219.0}', '{""ID"" : 300024940, ""MTBS_ID"" : ""OR4428211759520140723(BROGAN HILL)"", ""COORDS"" : (44.28, -117.5789), ""CAUSE"" : ""1(Lightning)"", ""SIZE"" : 10909.0, ""DISC"" : 204, ""CONT"" : 219.0}']"
4,2014_000098_KITTEN COMPLEX,687974,2014_000091_BROGAN HILL,686059,True,"['{""ID"" : 300024937, ""MTBS_ID"" : ""OR4384611806020140723(STEMLER)"", ""COORDS"" : (43.795, -118.0431), ""CAUSE"" : ""1(Lightning)"", ""SIZE"" : 4380.0, ""DISC"" : 204, ""CONT"" : 219.0}', '{""ID"" : 300024938, ""MTBS_ID"" : ""OR4413511774120140723(JUNIPER)"", ""COORDS"" : (44.1392, -117.7283), ""CAUSE"" : ""1(Lightning)"", ""SIZE"" : 1265.0, ""DISC"" : 205, ""CONT"" : 219.0}', '{""ID"" : 300024939, ""MTBS_ID"" : ""OR4410511798020140723(KITTEN CANYON)"", ""COORDS"" : (44.0997, -117.9917), ""CAUSE"" : ""1(Lightning)"", ""SIZE"" : 4265.0, ""DISC"" : 204, ""CONT"" : 219.0}', '{""ID"" : 300024940, ""MTBS_ID"" : ""OR4428211759520140723(BROGAN HILL)"", ""COORDS"" : (44.28, -117.5789), ""CAUSE"" : ""1(Lightning)"", ""SIZE"" : 10909.0, ""DISC"" : 204, ""CONT"" : 219.0}']"
5,2014_000098_KITTEN COMPLEX,687974,2014_000094_KITTEN CANYON,685450,True,"['{""ID"" : 300024937, ""MTBS_ID"" : ""OR4384611806020140723(STEMLER)"", ""COORDS"" : (43.795, -118.0431), ""CAUSE"" : ""1(Lightning)"", ""SIZE"" : 4380.0, ""DISC"" : 204, ""CONT"" : 219.0}', '{""ID"" : 300024938, ""MTBS_ID"" : ""OR4413511774120140723(JUNIPER)"", ""COORDS"" : (44.1392, -117.7283), ""CAUSE"" : ""1(Lightning)"", ""SIZE"" : 1265.0, ""DISC"" : 205, ""CONT"" : 219.0}', '{""ID"" : 300024939, ""MTBS_ID"" : ""OR4410511798020140723(KITTEN CANYON)"", ""COORDS"" : (44.0997, -117.9917), ""CAUSE"" : ""1(Lightning)"", ""SIZE"" : 4265.0, ""DISC"" : 204, ""CONT"" : 219.0}', '{""ID"" : 300024940, ""MTBS_ID"" : ""OR4428211759520140723(BROGAN HILL)"", ""COORDS"" : (44.28, -117.5789), ""CAUSE"" : ""1(Lightning)"", ""SIZE"" : 10909.0, ""DISC"" : 204, ""CONT"" : 219.0}']"
6,2014_000098_KITTEN COMPLEX,687974,2014_000096_JUNIPER,689218,True,"['{""ID"" : 300024937, ""MTBS_ID"" : ""OR4384611806020140723(STEMLER)"", ""COORDS"" : (43.795, -118.0431), ""CAUSE"" : ""1(Lightning)"", ""SIZE"" : 4380.0, ""DISC"" : 204, ""CONT"" : 219.0}', '{""ID"" : 300024938, ""MTBS_ID"" : ""OR4413511774120140723(JUNIPER)"", ""COORDS"" : (44.1392, -117.7283), ""CAUSE"" : ""1(Lightning)"", ""SIZE"" : 1265.0, ""DISC"" : 205, ""CONT"" : 219.0}', '{""ID"" : 300024939, ""MTBS_ID"" : ""OR4410511798020140723(KITTEN CANYON)"", ""COORDS"" : (44.0997, -117.9917), ""CAUSE"" : ""1(Lightning)"", ""SIZE"" : 4265.0, ""DISC"" : 204, ""CONT"" : 219.0}', '{""ID"" : 300024940, ""MTBS_ID"" : ""OR4428211759520140723(BROGAN HILL)"", ""COORDS"" : (44.28, -117.5789), ""CAUSE"" : ""1(Lightning)"", ""SIZE"" : 10909.0, ""DISC"" : 204, ""CONT"" : 219.0}']"
7,2014_000390_OCHOCO COMPLEX,671366,2014_000301_OSCAR CANYON,646607,True,"['{""ID"" : 300000464, ""MTBS_ID"" : ""OR4425512018720140717(FOX)"", ""COORDS"" : (44.25555556, -120.18861111), ""CAUSE"" : ""1(Lightning)"", ""SIZE"" : 9848.0, ""DISC"" : 198, ""CONT"" : 336.0}', '{""ID"" : 300024399, ""COORDS"" : (44.1975, -120.16), ""CAUSE"" : ""1(Lightning)"", ""SIZE"" : 234.0, ""DISC"" : 194, ""CONT"" : 222.0}']"
8,2014_000344_MODOC JULY COMPLEX,571039,2014_000332_DOBIE,574123,True,"['{""ID"" : 300004058, ""COORDS"" : (41.72611111, -121.03166667), ""CAUSE"" : ""1(Lightning)"", ""SIZE"" : 641.0, ""DISC"" : 183, ""CONT"" : 190.0}', '{""ID"" : 300004060, ""COORDS"" : (41.78305556, -121.34944444), ""CAUSE"" : ""1(Lightning)"", ""SIZE"" : 456.0, ""DISC"" : 182, ""CONT"" : 183.0}', '{""ID"" : 300004103, ""MTBS_ID"" : ""CA4146612092420140703(GULCH)"", ""COORDS"" : (41.46638889, -120.92416667), ""CAUSE"" : ""6(Railroad)"", ""SIZE"" : 840.0, ""DISC"" : 184, ""CONT"" : 213.0}', '{""ID"" : 300004105, ""MTBS_ID"" : ""CA4073012217220140910(GULCH)"", ""COORDS"" : (41.47138889, -120.93694444), ""CAUSE"" : ""6(Railroad)"", ""SIZE"" : 556.0, ""DISC"" : 184, ""CONT"" : 190.0}']"
9,2014_000344_MODOC JULY COMPLEX,571039,2014_000347_DALTON,573518,True,"['{""ID"" : 300004058, ""COORDS"" : (41.72611111, -121.03166667), ""CAUSE"" : ""1(Lightning)"", ""SIZE"" : 641.0, ""DISC"" : 183, ""CONT"" : 190.0}', '{""ID"" : 300004060, ""COORDS"" : (41.78305556, -121.34944444), ""CAUSE"" : ""1(Lightning)"", ""SIZE"" : 456.0, ""DISC"" : 182, ""CONT"" : 183.0}', '{""ID"" : 300004103, ""MTBS_ID"" : ""CA4146612092420140703(GULCH)"", ""COORDS"" : (41.46638889, -120.92416667), ""CAUSE"" : ""6(Railroad)"", ""SIZE"" : 840.0, ""DISC"" : 184, ""CONT"" : 213.0}', '{""ID"" : 300004105, ""MTBS_ID"" : ""CA4073012217220140910(GULCH)"", ""COORDS"" : (41.47138889, -120.93694444), ""CAUSE"" : ""6(Railroad)"", ""SIZE"" : 556.0, ""DISC"" : 184, ""CONT"" : 190.0}']"
10,2014_000794_OLD MAN COMPLEX,901986,2014_000352_MACARONI,743542,True,"['{""ID"" : 300000028, ""COORDS"" : (46.28333333, -115.37916667), ""CAUSE"" : ""1(Lightning)"", ""SIZE"" : 10.2, ""DISC"" : 213, ""CONT"" : 269.0}', '{""ID"" : 300000044, ""COORDS"" : (46.24666667, -115.39111111), ""CAUSE"" : ""1(Lightning)"", ""SIZE"" : 0.1, ""DISC"" : 232, ""CONT"" : 269.0}']"
11,2014_000344_MODOC JULY COMPLEX,571039,2014_000357_GULCH,580027,True,"['{""ID"" : 300004058, ""COORDS"" : (41.72611111, -121.03166667), ""CAUSE"" : ""1(Lightning)"", ""SIZE"" : 641.0, ""DISC"" : 183, ""CONT"" : 190.0}', '{""ID"" : 300004060, ""COORDS"" : (41.78305556, -121.34944444), ""CAUSE"" : ""1(Lightning)"", ""SIZE"" : 456.0, ""DISC"" : 182, ""CONT"" : 183.0}', '{""ID"" : 300004103, ""MTBS_ID"" : ""CA4146612092420140703(GULCH)"", ""COORDS"" : (41.46638889, -120.92416667), ""CAUSE"" : ""6(Railroad)"", ""SIZE"" : 840.0, ""DISC"" : 184, ""CONT"" : 213.0}', '{""ID"" : 300004105, ""MTBS_ID"" : ""CA4073012217220140910(GULCH)"", ""COORDS"" : (41.47138889, -120.93694444), ""CAUSE"" : ""6(Railroad)"", ""SIZE"" : 556.0, ""DISC"" : 184, ""CONT"" : 190.0}']"
12,2014_000356_CHIWAUKUM COMPLEX,645401,2014_000377_DUNCAN,778078,False,"['{""ID"" : 300001197, ""MTBS_ID"" : ""WA4750312068220140803(HANSEL CREEK)"", ""COORDS"" : (47.46944444, -120.68416667), ""CAUSE"" : ""1(Lightning)"", ""SIZE"" : 1073.0, ""DISC"" : 214, ""CONT"" : 233.0}', '{""ID"" : 300001217, ""MTBS_ID"" : ""WA4770812082320140715(CHIWAUKUM COMPLEX)"", ""COORDS"" : (47.83277778, -120.9375), ""CAUSE"" : ""1(Lightning)"", ""SIZE"" : 19.25, ""DISC"" : 213, ""CONT"" : 294.0}', '{""ID"" : 300001219, ""MTBS_ID"" : ""WA4770812082320140715(CHIWAUKUM COMPLEX)"", ""COORDS"" : (47.86833333, -121.10277778), ""CAUSE"" : ""1(Lightning)"", ""SIZE"" : 163.0, ""DISC"" : 216, ""CONT"" : 294.0}', '{""ID"" : 300001220, ""MTBS_ID"" : ""WA4770812082320140715(CHIWAUKUM COMPLEX)"", ""COORDS"" : (47.715, -120.82666667), ""CAUSE"" : ""1(Lightning)"", ""SIZE"" : 14435.0, ""DISC"" : 196, ""CONT"" : 294.0}', '{""ID"" : 300005864, ""MTBS_ID"" : ""WA4770812082320140715(CHIWAUKUM COMPLEX)"", ""COORDS"" : (47.94805556, -120.61166667), ""CAUSE"" : ""1(Lightning)"", ""SIZE"" : 125.0, ""DISC"" : 197, ""CONT"" : 235.0}', '{""ID"" : 300005867, ""MTBS_ID"" : ""WA4802412060120140716(DUNCAN)"", ""COORDS"" : (48.04222222, -120.61583333), ""CAUSE"" : ""1(Lightning)"", ""SIZE"" : 13650.0, ""DISC"" : 197, ""CONT"" : 235.0}']"
13,2014_000390_OCHOCO COMPLEX,671366,2014_000386_FOX,657240,True,"['{""ID"" : 300000464, ""MTBS_ID"" : ""OR4425512018720140717(FOX)"", ""COORDS"" : (44.25555556, -120.18861111), ""CAUSE"" : ""1(Lightning)"", ""SIZE"" : 9848.0, ""DISC"" : 198, ""CONT"" : 336.0}', '{""ID"" : 300024399, ""COORDS"" : (44.1975, -120.16), ""CAUSE"" : ""1(Lightning)"", ""SIZE"" : 234.0, ""DISC"" : 194, ""CONT"" : 222.0}']"
14,2014_000424_WHISKEY COMPLEX,639392,2014_000400_CALDER,637398,True,"['{""ID"" : 300000692, ""MTBS_ID"" : ""ID4408611596520140715(WHISKEY COMPLEX)"", ""COORDS"" : (44.06638889, -115.92083333), ""CAUSE"" : ""1(Lightning)"", ""SIZE"" : 8690.0, ""DISC"" : 195, ""CONT"" : 281.0}', '{""ID"" : 300000693, ""MTBS_ID"" : ""ID4408611596520140715(WHISKEY COMPLEX)"", ""COORDS"" : (44.03138889, -115.86944444), ""CAUSE"" : ""1(Lightning)"", ""SIZE"" : 243.0, ""DISC"" : 195, ""CONT"" : 198.0}', '{""ID"" : 300003301, ""MTBS_ID"" : ""ID4408611596520140715(WHISKEY COMPLEX)"", ""COORDS"" : (44.035, -115.81166667), ""CAUSE"" : ""1(Lightning)"", ""SIZE"" : 756.0, ""DISC"" : 195, ""CONT"" : 209.0}']"
15,2014_000424_WHISKEY COMPLEX,639392,2014_000406_GRIMES,637400,True,"['{""ID"" : 300000692, ""MTBS_ID"" : ""ID4408611596520140715(WHISKEY COMPLEX)"", ""COORDS"" : (44.06638889, -115.92083333), ""CAUSE"" : ""1(Lightning)"", ""SIZE"" : 8690.0, ""DISC"" : 195, ""CONT"" : 281.0}', '{""ID"" : 300000693, ""MTBS_ID"" : ""ID4408611596520140715(WHISKEY COMPLEX)"", ""COORDS"" : (44.03138889, -115.86944444), ""CAUSE"" : ""1(Lightning)"", ""SIZE"" : 243.0, ""DISC"" : 195, ""CONT"" : 198.0}', '{""ID"" : 300003301, ""MTBS_ID"" : ""ID4408611596520140715(WHISKEY COMPLEX)"", ""COORDS"" : (44.035, -115.81166667), ""CAUSE"" : ""1(Lightning)"", ""SIZE"" : 756.0, ""DISC"" : 195, ""CONT"" : 209.0}']"
16,2014_000424_WHISKEY COMPLEX,639392,2014_000412_WASH,637393,True,"['{""ID"" : 300000692, ""MTBS_ID"" : ""ID4408611596520140715(WHISKEY COMPLEX)"", ""COORDS"" : (44.06638889, -115.92083333), ""CAUSE"" : ""1(Lightning)"", ""SIZE"" : 8690.0, ""DISC"" : 195, ""CONT"" : 281.0}', '{""ID"" : 300000693, ""MTBS_ID"" : ""ID4408611596520140715(WHISKEY COMPLEX)"", ""COORDS"" : (44.03138889, -115.86944444), ""CAUSE"" : ""1(Lightning)"", ""SIZE"" : 243.0, ""DISC"" : 195, ""CONT"" : 198.0}', '{""ID"" : 300003301, ""MTBS_ID"" : ""ID4408611596520140715(WHISKEY COMPLEX)"", ""COORDS"" : (44.035, -115.81166667), ""CAUSE"" : ""1(Lightning)"", ""SIZE"" : 756.0, ""DISC"" : 195, ""CONT"" : 209.0}']"
17,2014_014120_SELWAY COMPLEX,916738,2014_000477_ELEVATOR MOUNTAIN,800846,True,"['{""ID"" : 300000132, ""MTBS_ID"" : ""ID4597111481820140809(ELEVATOR MOUNTAIN)"", ""COORDS"" : (45.97083333, -114.81805556), ""CAUSE"" : ""1(Lightning)"", ""SIZE"" : 4227.0, ""DISC"" : 220, ""CONT"" : 297.0}', '{""ID"" : 300001620, ""COORDS"" : (45.77361111, -114.74583333), ""CAUSE"" : ""1(Lightning)"", ""SIZE"" : 0.25, ""DISC"" : 236, ""CONT"" : 297.0}', '{""ID"" : 300001621, ""COORDS"" : (45.82444444, -114.44944444), ""CAUSE"" : ""1(Lightning)"", ""SIZE"" : 0.5, ""DISC"" : 223, ""CONT"" : 297.0}', '{""ID"" : 300001622, ""MTBS_ID"" : ""ID4576611479220140822(RAVEN CREEK)"", ""COORDS"" : (45.765, -114.79166667), ""CAUSE"" : ""1(Lightning)"", ""SIZE"" : 3853.0, ""DISC"" : 237, ""CONT"" : 297.0}', '{""ID"" : 300001623, ""COORDS"" : (45.91333333, -114.50083333), ""CAUSE"" : ""1(Lightning)"", ""SIZE"" : 2.0, ""DISC"" : 223, ""CONT"" : 297.0}', '{""ID"" : 300001624, ""COORDS"" : (45.84166667, -114.885), ""CAUSE"" : ""1(Lightning)"", ""SIZE"" : 1.0, ""DISC"" : 223, ""CONT"" : 297.0}']"
18,2014_000684_MCRAE COMPLEX,733009,2014_000496_MCRAE,580598,False,"['{""ID"" : 300000653, ""MTBS_ID"" : ""AZ3592011206820140704(MCRAE)"", ""COORDS"" : (35.92055556, -112.06861111), ""CAUSE"" : ""1(Lightning)"", ""SIZE"" : 5505.0, ""DISC"" : 185, ""CONT"" : 242.0}', '{""ID"" : 300002937, ""MTBS_ID"" : ""AZ3588311194020140830(WILDFIRE-HAMMER FY14)"", ""COORDS"" : (35.8825, -111.94944444), ""CAUSE"" : ""1(Lightning)"", ""SIZE"" : 8871.0, ""DISC"" : 210, ""CONT"" : 242.0}']"
19,2014_000546_SIMPSON COMPLEX,677341,2014_000502_FLATS,678902,True,"['{""ID"" : 300027495, ""MTBS_ID"" : ""UT4010011263320140721(SHEEP)"", ""COORDS"" : (40.098697, -112.631091), ""CAUSE"" : ""1(Lightning)"", ""SIZE"" : 2930.0, ""DISC"" : 202, ""CONT"" : 210.0}', '{""ID"" : 300027497, ""MTBS_ID"" : ""UT3993311271820140721(LION PEAK)"", ""COORDS"" : (39.93546, -112.71972), ""CAUSE"" : ""1(Lightning)"", ""SIZE"" : 1053.0, ""DISC"" : 202, ""CONT"" : 210.0}', '{""ID"" : 300027505, ""COORDS"" : (40.028294, -112.729685), ""CAUSE"" : ""1(Lightning)"", ""SIZE"" : 38.0, ""DISC"" : 201, ""CONT"" : 208.0}', '{""ID"" : 300027506, ""COORDS"" : (40.050894, -112.702785), ""CAUSE"" : ""1(Lightning)"", ""SIZE"" : 106.0, ""DISC"" : 201, ""CONT"" : 203.0}']"
20,2014_000546_SIMPSON COMPLEX,677341,2014_000503_LUCKY,669841,True,"['{""ID"" : 300027495, ""MTBS_ID"" : ""UT4010011263320140721(SHEEP)"", ""COORDS"" : (40.098697, -112.631091), ""CAUSE"" : ""1(Lightning)"", ""SIZE"" : 2930.0, ""DISC"" : 202, ""CONT"" : 210.0}', '{""ID"" : 300027497, ""MTBS_ID"" : ""UT3993311271820140721(LION PEAK)"", ""COORDS"" : (39.93546, -112.71972), ""CAUSE"" : ""1(Lightning)"", ""SIZE"" : 1053.0, ""DISC"" : 202, ""CONT"" : 210.0}', '{""ID"" : 300027505, ""COORDS"" : (40.028294, -112.729685), ""CAUSE"" : ""1(Lightning)"", ""SIZE"" : 38.0, ""DISC"" : 201, ""CONT"" : 208.0}', '{""ID"" : 300027506, ""COORDS"" : (40.050894, -112.702785), ""CAUSE"" : ""1(Lightning)"", ""SIZE"" : 106.0, ""DISC"" : 201, ""CONT"" : 203.0}']"
21,2014_000591_WATERMELON HILL,672843,2014_000508_WATERMELON HILL,666870,False,"['{""ID"" : 300028688, ""MTBS_ID"" : ""WA4733311786420140719(WATERMELON HILL)"", ""COORDS"" : (47.320294, -117.879983), ""CAUSE"" : ""2(Equipment Use)"", ""SIZE"" : 10552.2, ""DISC"" : 200, ""CONT"" : 224.0}']"
22,2014_000546_SIMPSON COMPLEX,677341,2014_000531_SHEEP,678902,False,"['{""ID"" : 300027495, ""MTBS_ID"" : ""UT4010011263320140721(SHEEP)"", ""COORDS"" : (40.098697, -112.631091), ""CAUSE"" : ""1(Lightning)"", ""SIZE"" : 2930.0, ""DISC"" : 202, ""CONT"" : 210.0}', '{""ID"" : 300027497, ""MTBS_ID"" : ""UT3993311271820140721(LION PEAK)"", ""COORDS"" : (39.93546, -112.71972), ""CAUSE"" : ""1(Lightning)"", ""SIZE"" : 1053.0, ""DISC"" : 202, ""CONT"" : 210.0}', '{""ID"" : 300027505, ""COORDS"" : (40.028294, -112.729685), ""CAUSE"" : ""1(Lightning)"", ""SIZE"" : 38.0, ""DISC"" : 201, ""CONT"" : 208.0}', '{""ID"" : 300027506, ""COORDS"" : (40.050894, -112.702785), ""CAUSE"" : ""1(Lightning)"", ""SIZE"" : 106.0, ""DISC"" : 201, ""CONT"" : 203.0}']"
23,2014_005333_BUTTS,573207,2014_0005333_BUTTS,569628,False,"['{""ID"" : 300081582, ""MTBS_ID"" : ""CA3866612243620140701(BUTTS)"", ""COORDS"" : (38.671667, -122.444722), ""CAUSE"" : ""2(Equipment Use)"", ""SIZE"" : 4300.0, ""DISC"" : 182, ""CONT"" : 184.0}']"
24,2014_000534_CARLTON COMPLEX,638842,2014_000534_CARLTON COMPLEX,638842,True,"['{""ID"" : 300028685, ""MTBS_ID"" : ""WA4821112010220140714(CARLTON COMPLEX)"", ""COORDS"" : (48.5111, -120.0881), ""CAUSE"" : ""1(Lightning)"", ""SIZE"" : 255575.0, ""DISC"" : 195, ""CONT"" : 322.0}', '{""ID"" : 300077015, ""COORDS"" : (48.1968, -120.1276), ""CAUSE"" : ""1(Lightning)"", ""SIZE"" : 0.01, ""DISC"" : 195, ""CONT"" : 41.0}', '{""ID"" : 300138830, ""MTBS_ID"" : ""WA4821112010220140714(CARLTON COMPLEX)"", ""COORDS"" : (48.4129, -120.146), ""CAUSE"" : ""9(Miscellaneous)"", ""SIZE"" : 579.0, ""DISC"" : 213, ""CONT"" : 41.0}']"
25,2014_000633_SITGREAVES COMPLEX,683068,2014_000534_DUCK,600337,True,"['{""ID"" : 300002923, ""MTBS_ID"" : ""AZ3532511198020140815(WILDFIRE-SITGREAVES FY14)"", ""COORDS"" : (35.325, -111.98166667), ""CAUSE"" : ""1(Lightning)"", ""SIZE"" : 10748.0, ""DISC"" : 195, ""CONT"" : ""unknown""}', '{""ID"" : 300002924, ""COORDS"" : (35.2825, -112.02111111), ""CAUSE"" : ""1(Lightning)"", ""SIZE"" : 322.0, ""DISC"" : 188, ""CONT"" : ""unknown""}']"
26,2014_000546_SIMPSON COMPLEX,677341,2014_000540_LION PEAK,678586,True,"['{""ID"" : 300027495, ""MTBS_ID"" : ""UT4010011263320140721(SHEEP)"", ""COORDS"" : (40.098697, -112.631091), ""CAUSE"" : ""1(Lightning)"", ""SIZE"" : 2930.0, ""DISC"" : 202, ""CONT"" : 210.0}', '{""ID"" : 300027497, ""MTBS_ID"" : ""UT3993311271820140721(LION PEAK)"", ""COORDS"" : (39.93546, -112.71972), ""CAUSE"" : ""1(Lightning)"", ""SIZE"" : 1053.0, ""DISC"" : 202, ""CONT"" : 210.0}', '{""ID"" : 300027505, ""COORDS"" : (40.028294, -112.729685), ""CAUSE"" : ""1(Lightning)"", ""SIZE"" : 38.0, ""DISC"" : 201, ""CONT"" : 208.0}', '{""ID"" : 300027506, ""COORDS"" : (40.050894, -112.702785), ""CAUSE"" : ""1(Lightning)"", ""SIZE"" : 106.0, ""DISC"" : 201, ""CONT"" : 203.0}']"
27,2014_000356_CHIWAUKUM COMPLEX,645401,2014_000549_HANSEL CREEK,780175,False,"['{""ID"" : 300001197, ""MTBS_ID"" : ""WA4750312068220140803(HANSEL CREEK)"", ""COORDS"" : (47.46944444, -120.68416667), ""CAUSE"" : ""1(Lightning)"", ""SIZE"" : 1073.0, ""DISC"" : 214, ""CONT"" : 233.0}', '{""ID"" : 300001217, ""MTBS_ID"" : ""WA4770812082320140715(CHIWAUKUM COMPLEX)"", ""COORDS"" : (47.83277778, -120.9375), ""CAUSE"" : ""1(Lightning)"", ""SIZE"" : 19.25, ""DISC"" : 213, ""CONT"" : 294.0}', '{""ID"" : 300001219, ""MTBS_ID"" : ""WA4770812082320140715(CHIWAUKUM COMPLEX)"", ""COORDS"" : (47.86833333, -121.10277778), ""CAUSE"" : ""1(Lightning)"", ""SIZE"" : 163.0, ""DISC"" : 216, ""CONT"" : 294.0}', '{""ID"" : 300001220, ""MTBS_ID"" : ""WA4770812082320140715(CHIWAUKUM COMPLEX)"", ""COORDS"" : (47.715, -120.82666667), ""CAUSE"" : ""1(Lightning)"", ""SIZE"" : 14435.0, ""DISC"" : 196, ""CONT"" : 294.0}', '{""ID"" : 300005864, ""MTBS_ID"" : ""WA4770812082320140715(CHIWAUKUM COMPLEX)"", ""COORDS"" : (47.94805556, -120.61166667), ""CAUSE"" : ""1(Lightning)"", ""SIZE"" : 125.0, ""DISC"" : 197, ""CONT"" : 235.0}', '{""ID"" : 300005867, ""MTBS_ID"" : ""WA4802412060120140716(DUNCAN)"", ""COORDS"" : (48.04222222, -120.61583333), ""CAUSE"" : ""1(Lightning)"", ""SIZE"" : 13650.0, ""DISC"" : 197, ""CONT"" : 235.0}']"
28,2014_000633_SITGREAVES COMPLEX,683068,2014_000582_SITGREAVES,662546,False,"['{""ID"" : 300002923, ""MTBS_ID"" : ""AZ3532511198020140815(WILDFIRE-SITGREAVES FY14)"", ""COORDS"" : (35.325, -111.98166667), ""CAUSE"" : ""1(Lightning)"", ""SIZE"" : 10748.0, ""DISC"" : 195, ""CONT"" : ""unknown""}', '{""ID"" : 300002924, ""COORDS"" : (35.2825, -112.02111111), ""CAUSE"" : ""1(Lightning)"", ""SIZE"" : 322.0, ""DISC"" : 188, ""CONT"" : ""unknown""}']"
29,2014_000649_SOUTH FORK COMPLEX,750301,2014_000649_SOUTH FORK COMPLEX,750301,True,"['{""ID"" : 300005388, ""MTBS_ID"" : ""OR4426911945020140801(SOUTH FORK COMPLEX)"", ""COORDS"" : (44.20916667, -119.54305556), ""CAUSE"" : ""1(Lightning)"", ""SIZE"" : 1611.0, ""DISC"" : 213, ""CONT"" : 220.0}', '{""ID"" : 300024401, ""MTBS_ID"" : ""OR4426911945020140801(SOUTH FORK COMPLEX)"", ""COORDS"" : (44.2636, -119.4664), ""CAUSE"" : ""1(Lightning)"", ""SIZE"" : 64531.0, ""DISC"" : 212, ""CONT"" : 300.0}']"
30,2014_000684_MCRAE COMPLEX,733009,2014_000672_HAMMER,732853,False,"['{""ID"" : 300000653, ""MTBS_ID"" : ""AZ3592011206820140704(MCRAE)"", ""COORDS"" : (35.92055556, -112.06861111), ""CAUSE"" : ""1(Lightning)"", ""SIZE"" : 5505.0, ""DISC"" : 185, ""CONT"" : 242.0}', '{""ID"" : 300002937, ""MTBS_ID"" : ""AZ3588311194020140830(WILDFIRE-HAMMER FY14)"", ""COORDS"" : (35.8825, -111.94944444), ""CAUSE"" : ""1(Lightning)"", ""SIZE"" : 8871.0, ""DISC"" : 210, ""CONT"" : 242.0}']"
31,2014_001363_BASILONE COMPLEX,407445,2014_001352_PULGAS,405786,True,"['{""ID"" : 300150324, ""MTBS_ID"" : ""CA3335311728520140514(TOMAHAWK)"", ""COORDS"" : (33.3830556, -117.2636111), ""CAUSE"" : ""13(Missing/Undefined)"", ""SIZE"" : 5367.0, ""DISC"" : 134, ""CONT"" : ""unknown""}', '{""ID"" : 300150329, ""MTBS_ID"" : ""CA3329911746620140515(PULGAS)"", ""COORDS"" : (33.5719444, -117.0772222), ""CAUSE"" : ""13(Missing/Undefined)"", ""SIZE"" : 14416.0, ""DISC"" : 135, ""CONT"" : ""unknown""}', '{""ID"" : 300150346, ""MTBS_ID"" : ""CA3341811755020140516(COMBAT)"", ""COORDS"" : (33.4211111, -117.5536111), ""CAUSE"" : ""13(Missing/Undefined)"", ""SIZE"" : 1457.0, ""DISC"" : 136, ""CONT"" : ""unknown""}']"
32,2014_001363_BASILONE COMPLEX,407445,2014_001359_COMBAT,405755,True,"['{""ID"" : 300150324, ""MTBS_ID"" : ""CA3335311728520140514(TOMAHAWK)"", ""COORDS"" : (33.3830556, -117.2636111), ""CAUSE"" : ""13(Missing/Undefined)"", ""SIZE"" : 5367.0, ""DISC"" : 134, ""CONT"" : ""unknown""}', '{""ID"" : 300150329, ""MTBS_ID"" : ""CA3329911746620140515(PULGAS)"", ""COORDS"" : (33.5719444, -117.0772222), ""CAUSE"" : ""13(Missing/Undefined)"", ""SIZE"" : 14416.0, ""DISC"" : 135, ""CONT"" : ""unknown""}', '{""ID"" : 300150346, ""MTBS_ID"" : ""CA3341811755020140516(COMBAT)"", ""COORDS"" : (33.4211111, -117.5536111), ""CAUSE"" : ""13(Missing/Undefined)"", ""SIZE"" : 1457.0, ""DISC"" : 136, ""CONT"" : ""unknown""}']"
33,2014_001363_BASILONE COMPLEX,407445,2014_001363_BASILONE COMPLEX,407445,True,"['{""ID"" : 300150324, ""MTBS_ID"" : ""CA3335311728520140514(TOMAHAWK)"", ""COORDS"" : (33.3830556, -117.2636111), ""CAUSE"" : ""13(Missing/Undefined)"", ""SIZE"" : 5367.0, ""DISC"" : 134, ""CONT"" : ""unknown""}', '{""ID"" : 300150329, ""MTBS_ID"" : ""CA3329911746620140515(PULGAS)"", ""COORDS"" : (33.5719444, -117.0772222), ""CAUSE"" : ""13(Missing/Undefined)"", ""SIZE"" : 14416.0, ""DISC"" : 135, ""CONT"" : ""unknown""}', '{""ID"" : 300150346, ""MTBS_ID"" : ""CA3341811755020140516(COMBAT)"", ""COORDS"" : (33.4211111, -117.5536111), ""CAUSE"" : ""13(Missing/Undefined)"", ""SIZE"" : 1457.0, ""DISC"" : 136, ""CONT"" : ""unknown""}']"
34,2014_001363_BASILONE COMPLEX,407445,2014_001554_TOMAHAWK,400503,True,"['{""ID"" : 300150324, ""MTBS_ID"" : ""CA3335311728520140514(TOMAHAWK)"", ""COORDS"" : (33.3830556, -117.2636111), ""CAUSE"" : ""13(Missing/Undefined)"", ""SIZE"" : 5367.0, ""DISC"" : 134, ""CONT"" : ""unknown""}', '{""ID"" : 300150329, ""MTBS_ID"" : ""CA3329911746620140515(PULGAS)"", ""COORDS"" : (33.5719444, -117.0772222), ""CAUSE"" : ""13(Missing/Undefined)"", ""SIZE"" : 14416.0, ""DISC"" : 135, ""CONT"" : ""unknown""}', '{""ID"" : 300150346, ""MTBS_ID"" : ""CA3341811755020140516(COMBAT)"", ""COORDS"" : (33.4211111, -117.5536111), ""CAUSE"" : ""13(Missing/Undefined)"", ""SIZE"" : 1457.0, ""DISC"" : 136, ""CONT"" : ""unknown""}']"
35,2014_002423_COFFEE COMPLEX,742981,2014_002299_COFFEE,733393,True,"['{""ID"" : 300004537, ""MTBS_ID"" : ""CA4114112280520140802(COFFEE COMPLEX)"", ""COORDS"" : (41.14083333, -122.80472222), ""CAUSE"" : ""1(Lightning)"", ""SIZE"" : 6258.0, ""DISC"" : 210, ""CONT"" : 303.0}']"
36,2014_004111_BUZZARD COMPLEX,634805,2014_004100_BARTLETT,634217,True,"['{""ID"" : 300023292, ""MTBS_ID"" : ""OR4362911838720140714(BUZZARD)"", ""COORDS"" : (43.6161, -118.4256), ""CAUSE"" : ""1(Lightning)"", ""SIZE"" : 87141.0, ""DISC"" : 195, ""CONT"" : 246.0}', '{""ID"" : 300023293, ""MTBS_ID"" : ""OR4325911851220140714(BEAVER CREEK)"", ""COORDS"" : (43.6161, -118.4256), ""CAUSE"" : ""1(Lightning)"", ""SIZE"" : 27337.0, ""DISC"" : 195, ""CONT"" : 246.0}', '{""ID"" : 300023294, ""MTBS_ID"" : ""OR4371511840820140714(BARTLETT)"", ""COORDS"" : (43.6161, -118.4256), ""CAUSE"" : ""1(Lightning)"", ""SIZE"" : 3975.0, ""DISC"" : 195, ""CONT"" : 246.0}', '{""ID"" : 300024929, ""MTBS_ID"" : ""OR4332411821620140714(SADDLE DRAW)"", ""COORDS"" : (43.3283, -118.2244), ""CAUSE"" : ""1(Lightning)"", ""SIZE"" : 280141.0, ""DISC"" : 195, ""CONT"" : 246.0}', '{""ID"" : 300155112, ""COORDS"" : (43.3144444, -118.3669444), ""CAUSE"" : ""1(Lightning)"", ""SIZE"" : 10355.0, ""DISC"" : 195, ""CONT"" : ""unknown""}']"
37,2014_004111_BUZZARD COMPLEX,634805,2014_004103_BEAVER CREEK,634216,True,"['{""ID"" : 300023292, ""MTBS_ID"" : ""OR4362911838720140714(BUZZARD)"", ""COORDS"" : (43.6161, -118.4256), ""CAUSE"" : ""1(Lightning)"", ""SIZE"" : 87141.0, ""DISC"" : 195, ""CONT"" : 246.0}', '{""ID"" : 300023293, ""MTBS_ID"" : ""OR4325911851220140714(BEAVER CREEK)"", ""COORDS"" : (43.6161, -118.4256), ""CAUSE"" : ""1(Lightning)"", ""SIZE"" : 27337.0, ""DISC"" : 195, ""CONT"" : 246.0}', '{""ID"" : 300023294, ""MTBS_ID"" : ""OR4371511840820140714(BARTLETT)"", ""COORDS"" : (43.6161, -118.4256), ""CAUSE"" : ""1(Lightning)"", ""SIZE"" : 3975.0, ""DISC"" : 195, ""CONT"" : 246.0}', '{""ID"" : 300024929, ""MTBS_ID"" : ""OR4332411821620140714(SADDLE DRAW)"", ""COORDS"" : (43.3283, -118.2244), ""CAUSE"" : ""1(Lightning)"", ""SIZE"" : 280141.0, ""DISC"" : 195, ""CONT"" : 246.0}', '{""ID"" : 300155112, ""COORDS"" : (43.3144444, -118.3669444), ""CAUSE"" : ""1(Lightning)"", ""SIZE"" : 10355.0, ""DISC"" : 195, ""CONT"" : ""unknown""}']"
38,2014_004111_BUZZARD COMPLEX,634805,2014_004111_BUZZARD COMPLEX,634805,True,"['{""ID"" : 300023292, ""MTBS_ID"" : ""OR4362911838720140714(BUZZARD)"", ""COORDS"" : (43.6161, -118.4256), ""CAUSE"" : ""1(Lightning)"", ""SIZE"" : 87141.0, ""DISC"" : 195, ""CONT"" : 246.0}', '{""ID"" : 300023293, ""MTBS_ID"" : ""OR4325911851220140714(BEAVER CREEK)"", ""COORDS"" : (43.6161, -118.4256), ""CAUSE"" : ""1(Lightning)"", ""SIZE"" : 27337.0, ""DISC"" : 195, ""CONT"" : 246.0}', '{""ID"" : 300023294, ""MTBS_ID"" : ""OR4371511840820140714(BARTLETT)"", ""COORDS"" : (43.6161, -118.4256), ""CAUSE"" : ""1(Lightning)"", ""SIZE"" : 3975.0, ""DISC"" : 195, ""CONT"" : 246.0}', '{""ID"" : 300024929, ""MTBS_ID"" : ""OR4332411821620140714(SADDLE DRAW)"", ""COORDS"" : (43.3283, -118.2244), ""CAUSE"" : ""1(Lightning)"", ""SIZE"" : 280141.0, ""DISC"" : 195, ""CONT"" : 246.0}', '{""ID"" : 300155112, ""COORDS"" : (43.3144444, -118.3669444), ""CAUSE"" : ""1(Lightning)"", ""SIZE"" : 10355.0, ""DISC"" : 195, ""CONT"" : ""unknown""}']"
39,2014_004111_BUZZARD COMPLEX,634805,2014_004114_TWIN RESERVIOR,634652,True,"['{""ID"" : 300023292, ""MTBS_ID"" : ""OR4362911838720140714(BUZZARD)"", ""COORDS"" : (43.6161, -118.4256), ""CAUSE"" : ""1(Lightning)"", ""SIZE"" : 87141.0, ""DISC"" : 195, ""CONT"" : 246.0}', '{""ID"" : 300023293, ""MTBS_ID"" : ""OR4325911851220140714(BEAVER CREEK)"", ""COORDS"" : (43.6161, -118.4256), ""CAUSE"" : ""1(Lightning)"", ""SIZE"" : 27337.0, ""DISC"" : 195, ""CONT"" : 246.0}', '{""ID"" : 300023294, ""MTBS_ID"" : ""OR4371511840820140714(BARTLETT)"", ""COORDS"" : (43.6161, -118.4256), ""CAUSE"" : ""1(Lightning)"", ""SIZE"" : 3975.0, ""DISC"" : 195, ""CONT"" : 246.0}', '{""ID"" : 300024929, ""MTBS_ID"" : ""OR4332411821620140714(SADDLE DRAW)"", ""COORDS"" : (43.3283, -118.2244), ""CAUSE"" : ""1(Lightning)"", ""SIZE"" : 280141.0, ""DISC"" : 195, ""CONT"" : 246.0}', '{""ID"" : 300155112, ""COORDS"" : (43.3144444, -118.3669444), ""CAUSE"" : ""1(Lightning)"", ""SIZE"" : 10355.0, ""DISC"" : 195, ""CONT"" : ""unknown""}']"
40,2014_004283_SOUTH STEENS COMPLEX,996875,2014_004276_BONE CREEK BASIN,991327,True,"['{""ID"" : 300023327, ""MTBS_ID"" : ""OR4240011866820140916(SOUTH STEENS COMPLEX)"", ""COORDS"" : (42.4044, -118.6678), ""CAUSE"" : ""1(Lightning)"", ""SIZE"" : 14700.0, ""DISC"" : 259, ""CONT"" : 278.0}', '{""ID"" : 300023329, ""MTBS_ID"" : ""OR4262311881920140916(BLITZEN CROSSING)"", ""COORDS"" : (42.6178, -118.8169), ""CAUSE"" : ""1(Lightning)"", ""SIZE"" : 5825.2, ""DISC"" : 259, ""CONT"" : 278.0}']"
41,2014_004283_SOUTH STEENS COMPLEX,996875,2014_004282_BLITZEN CROSSING,993789,True,"['{""ID"" : 300023327, ""MTBS_ID"" : ""OR4240011866820140916(SOUTH STEENS COMPLEX)"", ""COORDS"" : (42.4044, -118.6678), ""CAUSE"" : ""1(Lightning)"", ""SIZE"" : 14700.0, ""DISC"" : 259, ""CONT"" : 278.0}', '{""ID"" : 300023329, ""MTBS_ID"" : ""OR4262311881920140916(BLITZEN CROSSING)"", ""COORDS"" : (42.6178, -118.8169), ""CAUSE"" : ""1(Lightning)"", ""SIZE"" : 5825.2, ""DISC"" : 259, ""CONT"" : 278.0}']"
42,2014_005564_JULY COMPLEX,744756,2014_005443_KNF LEEF,726847,True,"['{""ID"" : 300001003, ""MTBS_ID"" : ""CA4126812300220140731(WHITES)"", ""COORDS"" : (41.2675, -123.00222222), ""CAUSE"" : ""1(Lightning)"", ""SIZE"" : 33758.0, ""DISC"" : 211, ""CONT"" : 268.0}', '{""ID"" : 300003905, ""MTBS_ID"" : ""CA4154812306220140731(LOG)"", ""COORDS"" : (41.55, -123.05388889), ""CAUSE"" : ""1(Lightning)"", ""SIZE"" : 3632.0, ""DISC"" : 211, ""CONT"" : 211.0}', '{""ID"" : 300003906, ""MTBS_ID"" : ""CA4152312316420140813(MAN)"", ""COORDS"" : (41.53583333, -123.16333333), ""CAUSE"" : ""1(Lightning)"", ""SIZE"" : 13110.0, ""DISC"" : 224, ""CONT"" : 224.0}', '{""ID"" : 300003907, ""COORDS"" : (41.24416667, -122.92805556), ""CAUSE"" : ""1(Lightning)"", ""SIZE"" : 17.0, ""DISC"" : 210, ""CONT"" : 210.0}']"
43,2014_161-15_BEAVER COMPLEX,738768,2014_005497_KNF BEAVER,732202,False,"['{""ID"" : 300003947, ""MTBS_ID"" : ""CA4192412288020140730(KNF BEAVER)"", ""COORDS"" : (41.92444444, -122.87972222), ""CAUSE"" : ""1(Lightning)"", ""SIZE"" : 32496.0, ""DISC"" : 211, ""CONT"" : 281.0}', '{""ID"" : 300023949, ""MTBS_ID"" : ""OR4204812234620140731(BEAVER COMPLEX)"", ""COORDS"" : (42.0478, -122.345), ""CAUSE"" : ""1(Lightning)"", ""SIZE"" : 35129.0, ""DISC"" : 211, ""CONT"" : 241.0}']"
44,2014_005564_JULY COMPLEX,744756,2014_005511_WHITES,732976,True,"['{""ID"" : 300001003, ""MTBS_ID"" : ""CA4126812300220140731(WHITES)"", ""COORDS"" : (41.2675, -123.00222222), ""CAUSE"" : ""1(Lightning)"", ""SIZE"" : 33758.0, ""DISC"" : 211, ""CONT"" : 268.0}', '{""ID"" : 300003905, ""MTBS_ID"" : ""CA4154812306220140731(LOG)"", ""COORDS"" : (41.55, -123.05388889), ""CAUSE"" : ""1(Lightning)"", ""SIZE"" : 3632.0, ""DISC"" : 211, ""CONT"" : 211.0}', '{""ID"" : 300003906, ""MTBS_ID"" : ""CA4152312316420140813(MAN)"", ""COORDS"" : (41.53583333, -123.16333333), ""CAUSE"" : ""1(Lightning)"", ""SIZE"" : 13110.0, ""DISC"" : 224, ""CONT"" : 224.0}', '{""ID"" : 300003907, ""COORDS"" : (41.24416667, -122.92805556), ""CAUSE"" : ""1(Lightning)"", ""SIZE"" : 17.0, ""DISC"" : 210, ""CONT"" : 210.0}']"
45,2014_005564_JULY COMPLEX,744756,2014_005514_LOG,732812,True,"['{""ID"" : 300001003, ""MTBS_ID"" : ""CA4126812300220140731(WHITES)"", ""COORDS"" : (41.2675, -123.00222222), ""CAUSE"" : ""1(Lightning)"", ""SIZE"" : 33758.0, ""DISC"" : 211, ""CONT"" : 268.0}', '{""ID"" : 300003905, ""MTBS_ID"" : ""CA4154812306220140731(LOG)"", ""COORDS"" : (41.55, -123.05388889), ""CAUSE"" : ""1(Lightning)"", ""SIZE"" : 3632.0, ""DISC"" : 211, ""CONT"" : 211.0}', '{""ID"" : 300003906, ""MTBS_ID"" : ""CA4152312316420140813(MAN)"", ""COORDS"" : (41.53583333, -123.16333333), ""CAUSE"" : ""1(Lightning)"", ""SIZE"" : 13110.0, ""DISC"" : 224, ""CONT"" : 224.0}', '{""ID"" : 300003907, ""COORDS"" : (41.24416667, -122.92805556), ""CAUSE"" : ""1(Lightning)"", ""SIZE"" : 17.0, ""DISC"" : 210, ""CONT"" : 210.0}']"
46,2014_005956_HAPPY CAMP COMPLEX,809568,2014_005991_DELTA,818745,True,"['{""ID"" : 300000284, ""MTBS_ID"" : ""CA4179612337420140814(HAPPY CAMP COMPLEX)"", ""COORDS"" : (41.79277778, -123.36138889), ""CAUSE"" : ""1(Lightning)"", ""SIZE"" : 150.0, ""DISC"" : 223, ""CONT"" : 241.0}', '{""ID"" : 300000289, ""MTBS_ID"" : ""CA4179612337420140814(HAPPY CAMP COMPLEX)"", ""COORDS"" : (41.705, -123.19111111), ""CAUSE"" : ""1(Lightning)"", ""SIZE"" : 5225.0, ""DISC"" : 223, ""CONT"" : 237.0}', '{""ID"" : 300001006, ""MTBS_ID"" : ""CA4179612337420140814(HAPPY CAMP COMPLEX)"", ""COORDS"" : (41.7725, -123.35583333), ""CAUSE"" : ""1(Lightning)"", ""SIZE"" : 115279.2, ""DISC"" : 223, ""CONT"" : 273.0}', '{""ID"" : 300001008, ""MTBS_ID"" : ""CA4179612337420140814(HAPPY CAMP COMPLEX)"", ""COORDS"" : (41.92305556, -123.43083333), ""CAUSE"" : ""1(Lightning)"", ""SIZE"" : 185.0, ""DISC"" : 223, ""CONT"" : 241.0}']"
47,2014_005564_JULY COMPLEX,744756,2014_006000_MAN,816154,True,"['{""ID"" : 300001003, ""MTBS_ID"" : ""CA4126812300220140731(WHITES)"", ""COORDS"" : (41.2675, -123.00222222), ""CAUSE"" : ""1(Lightning)"", ""SIZE"" : 33758.0, ""DISC"" : 211, ""CONT"" : 268.0}', '{""ID"" : 300003905, ""MTBS_ID"" : ""CA4154812306220140731(LOG)"", ""COORDS"" : (41.55, -123.05388889), ""CAUSE"" : ""1(Lightning)"", ""SIZE"" : 3632.0, ""DISC"" : 211, ""CONT"" : 211.0}', '{""ID"" : 300003906, ""MTBS_ID"" : ""CA4152312316420140813(MAN)"", ""COORDS"" : (41.53583333, -123.16333333), ""CAUSE"" : ""1(Lightning)"", ""SIZE"" : 13110.0, ""DISC"" : 224, ""CONT"" : 224.0}', '{""ID"" : 300003907, ""COORDS"" : (41.24416667, -122.92805556), ""CAUSE"" : ""1(Lightning)"", ""SIZE"" : 17.0, ""DISC"" : 210, ""CONT"" : 210.0}']"
48,2014_005956_HAPPY CAMP COMPLEX,809568,2014_006008_FRYING PAN,826275,True,"['{""ID"" : 300000284, ""MTBS_ID"" : ""CA4179612337420140814(HAPPY CAMP COMPLEX)"", ""COORDS"" : (41.79277778, -123.36138889), ""CAUSE"" : ""1(Lightning)"", ""SIZE"" : 150.0, ""DISC"" : 223, ""CONT"" : 241.0}', '{""ID"" : 300000289, ""MTBS_ID"" : ""CA4179612337420140814(HAPPY CAMP COMPLEX)"", ""COORDS"" : (41.705, -123.19111111), ""CAUSE"" : ""1(Lightning)"", ""SIZE"" : 5225.0, ""DISC"" : 223, ""CONT"" : 237.0}', '{""ID"" : 300001006, ""MTBS_ID"" : ""CA4179612337420140814(HAPPY CAMP COMPLEX)"", ""COORDS"" : (41.7725, -123.35583333), ""CAUSE"" : ""1(Lightning)"", ""SIZE"" : 115279.2, ""DISC"" : 223, ""CONT"" : 273.0}', '{""ID"" : 300001008, ""MTBS_ID"" : ""CA4179612337420140814(HAPPY CAMP COMPLEX)"", ""COORDS"" : (41.92305556, -123.43083333), ""CAUSE"" : ""1(Lightning)"", ""SIZE"" : 185.0, ""DISC"" : 223, ""CONT"" : 241.0}']"
49,2014_005956_HAPPY CAMP COMPLEX,809568,2014_006010_KEMPER,830659,True,"['{""ID"" : 300000284, ""MTBS_ID"" : ""CA4179612337420140814(HAPPY CAMP COMPLEX)"", ""COORDS"" : (41.79277778, -123.36138889), ""CAUSE"" : ""1(Lightning)"", ""SIZE"" : 150.0, ""DISC"" : 223, ""CONT"" : 241.0}', '{""ID"" : 300000289, ""MTBS_ID"" : ""CA4179612337420140814(HAPPY CAMP COMPLEX)"", ""COORDS"" : (41.705, -123.19111111), ""CAUSE"" : ""1(Lightning)"", ""SIZE"" : 5225.0, ""DISC"" : 223, ""CONT"" : 237.0}', '{""ID"" : 300001006, ""MTBS_ID"" : ""CA4179612337420140814(HAPPY CAMP COMPLEX)"", ""COORDS"" : (41.7725, -123.35583333), ""CAUSE"" : ""1(Lightning)"", ""SIZE"" : 115279.2, ""DISC"" : 223, ""CONT"" : 273.0}', '{""ID"" : 300001008, ""MTBS_ID"" : ""CA4179612337420140814(HAPPY CAMP COMPLEX)"", ""COORDS"" : (41.92305556, -123.43083333), ""CAUSE"" : ""1(Lightning)"", ""SIZE"" : 185.0, ""DISC"" : 223, ""CONT"" : 241.0}']"
50,2014_005956_HAPPY CAMP COMPLEX,809568,2014_006014_FAULKSTEIN,826309,True,"['{""ID"" : 300000284, ""MTBS_ID"" : ""CA4179612337420140814(HAPPY CAMP COMPLEX)"", ""COORDS"" : (41.79277778, -123.36138889), ""CAUSE"" : ""1(Lightning)"", ""SIZE"" : 150.0, ""DISC"" : 223, ""CONT"" : 241.0}', '{""ID"" : 300000289, ""MTBS_ID"" : ""CA4179612337420140814(HAPPY CAMP COMPLEX)"", ""COORDS"" : (41.705, -123.19111111), ""CAUSE"" : ""1(Lightning)"", ""SIZE"" : 5225.0, ""DISC"" : 223, ""CONT"" : 237.0}', '{""ID"" : 300001006, ""MTBS_ID"" : ""CA4179612337420140814(HAPPY CAMP COMPLEX)"", ""COORDS"" : (41.7725, -123.35583333), ""CAUSE"" : ""1(Lightning)"", ""SIZE"" : 115279.2, ""DISC"" : 223, ""CONT"" : 273.0}', '{""ID"" : 300001008, ""MTBS_ID"" : ""CA4179612337420140814(HAPPY CAMP COMPLEX)"", ""COORDS"" : (41.92305556, -123.43083333), ""CAUSE"" : ""1(Lightning)"", ""SIZE"" : 185.0, ""DISC"" : 223, ""CONT"" : 241.0}']"
51,2014_007202_LODGE COMPLEX,731475,2014_007202_LODGE COMPLEX,731475,True,"['{""ID"" : 300335348, ""MTBS_ID"" : ""CA3976812365020140730(LODGE COMPLEX)"", ""COORDS"" : (39.833208, -123.631965), ""CAUSE"" : ""9(Miscellaneous)"", ""SIZE"" : 12535.0, ""DISC"" : 211, ""CONT"" : 252.0}']"
52,2014_010242_SAN DIEGO COMPLEX,402977,2014_010173_HIGHWAY,403706,True,"['{""ID"" : 300147127, ""MTBS_ID"" : ""CA3312011716020140514(SAN DIEGO COMPLEX)"", ""COORDS"" : (33.314267, -117.154967), ""CAUSE"" : ""13(Missing/Undefined)"", ""SIZE"" : 438.0, ""DISC"" : 134, ""CONT"" : 136.0}']"
53,2014_010242_SAN DIEGO COMPLEX,402977,2014_010212_COCOS,403676,True,"['{""ID"" : 300147127, ""MTBS_ID"" : ""CA3312011716020140514(SAN DIEGO COMPLEX)"", ""COORDS"" : (33.314267, -117.154967), ""CAUSE"" : ""13(Missing/Undefined)"", ""SIZE"" : 438.0, ""DISC"" : 134, ""CONT"" : 136.0}']"
54,2014_010242_SAN DIEGO COMPLEX,402977,2014_010242_SAN DIEGO COMPLEX,402977,True,"['{""ID"" : 300147127, ""MTBS_ID"" : ""CA3312011716020140514(SAN DIEGO COMPLEX)"", ""COORDS"" : (33.314267, -117.154967), ""CAUSE"" : ""13(Missing/Undefined)"", ""SIZE"" : 438.0, ""DISC"" : 134, ""CONT"" : 136.0}']"
55,2014_014120_SELWAY COMPLEX,916738,2014_014094_VANCE,803156,True,"['{""ID"" : 300000132, ""MTBS_ID"" : ""ID4597111481820140809(ELEVATOR MOUNTAIN)"", ""COORDS"" : (45.97083333, -114.81805556), ""CAUSE"" : ""1(Lightning)"", ""SIZE"" : 4227.0, ""DISC"" : 220, ""CONT"" : 297.0}', '{""ID"" : 300001620, ""COORDS"" : (45.77361111, -114.74583333), ""CAUSE"" : ""1(Lightning)"", ""SIZE"" : 0.25, ""DISC"" : 236, ""CONT"" : 297.0}', '{""ID"" : 300001621, ""COORDS"" : (45.82444444, -114.44944444), ""CAUSE"" : ""1(Lightning)"", ""SIZE"" : 0.5, ""DISC"" : 223, ""CONT"" : 297.0}', '{""ID"" : 300001622, ""MTBS_ID"" : ""ID4576611479220140822(RAVEN CREEK)"", ""COORDS"" : (45.765, -114.79166667), ""CAUSE"" : ""1(Lightning)"", ""SIZE"" : 3853.0, ""DISC"" : 237, ""CONT"" : 297.0}', '{""ID"" : 300001623, ""COORDS"" : (45.91333333, -114.50083333), ""CAUSE"" : ""1(Lightning)"", ""SIZE"" : 2.0, ""DISC"" : 223, ""CONT"" : 297.0}', '{""ID"" : 300001624, ""COORDS"" : (45.84166667, -114.885), ""CAUSE"" : ""1(Lightning)"", ""SIZE"" : 1.0, ""DISC"" : 223, ""CONT"" : 297.0}']"
56,2014_014120_SELWAY COMPLEX,916738,2014_014095_JERUSALEM,808974,True,"['{""ID"" : 300000132, ""MTBS_ID"" : ""ID4597111481820140809(ELEVATOR MOUNTAIN)"", ""COORDS"" : (45.97083333, -114.81805556), ""CAUSE"" : ""1(Lightning)"", ""SIZE"" : 4227.0, ""DISC"" : 220, ""CONT"" : 297.0}', '{""ID"" : 300001620, ""COORDS"" : (45.77361111, -114.74583333), ""CAUSE"" : ""1(Lightning)"", ""SIZE"" : 0.25, ""DISC"" : 236, ""CONT"" : 297.0}', '{""ID"" : 300001621, ""COORDS"" : (45.82444444, -114.44944444), ""CAUSE"" : ""1(Lightning)"", ""SIZE"" : 0.5, ""DISC"" : 223, ""CONT"" : 297.0}', '{""ID"" : 300001622, ""MTBS_ID"" : ""ID4576611479220140822(RAVEN CREEK)"", ""COORDS"" : (45.765, -114.79166667), ""CAUSE"" : ""1(Lightning)"", ""SIZE"" : 3853.0, ""DISC"" : 237, ""CONT"" : 297.0}', '{""ID"" : 300001623, ""COORDS"" : (45.91333333, -114.50083333), ""CAUSE"" : ""1(Lightning)"", ""SIZE"" : 2.0, ""DISC"" : 223, ""CONT"" : 297.0}', '{""ID"" : 300001624, ""COORDS"" : (45.84166667, -114.885), ""CAUSE"" : ""1(Lightning)"", ""SIZE"" : 1.0, ""DISC"" : 223, ""CONT"" : 297.0}']"
57,2014_014120_SELWAY COMPLEX,916738,2014_014096_EAGLE CREEK,808990,True,"['{""ID"" : 300000132, ""MTBS_ID"" : ""ID4597111481820140809(ELEVATOR MOUNTAIN)"", ""COORDS"" : (45.97083333, -114.81805556), ""CAUSE"" : ""1(Lightning)"", ""SIZE"" : 4227.0, ""DISC"" : 220, ""CONT"" : 297.0}', '{""ID"" : 300001620, ""COORDS"" : (45.77361111, -114.74583333), ""CAUSE"" : ""1(Lightning)"", ""SIZE"" : 0.25, ""DISC"" : 236, ""CONT"" : 297.0}', '{""ID"" : 300001621, ""COORDS"" : (45.82444444, -114.44944444), ""CAUSE"" : ""1(Lightning)"", ""SIZE"" : 0.5, ""DISC"" : 223, ""CONT"" : 297.0}', '{""ID"" : 300001622, ""MTBS_ID"" : ""ID4576611479220140822(RAVEN CREEK)"", ""COORDS"" : (45.765, -114.79166667), ""CAUSE"" : ""1(Lightning)"", ""SIZE"" : 3853.0, ""DISC"" : 237, ""CONT"" : 297.0}', '{""ID"" : 300001623, ""COORDS"" : (45.91333333, -114.50083333), ""CAUSE"" : ""1(Lightning)"", ""SIZE"" : 2.0, ""DISC"" : 223, ""CONT"" : 297.0}', '{""ID"" : 300001624, ""COORDS"" : (45.84166667, -114.885), ""CAUSE"" : ""1(Lightning)"", ""SIZE"" : 1.0, ""DISC"" : 223, ""CONT"" : 297.0}']"
58,2014_014120_SELWAY COMPLEX,916738,2014_014116_NICK WYNN,883655,True,"['{""ID"" : 300000132, ""MTBS_ID"" : ""ID4597111481820140809(ELEVATOR MOUNTAIN)"", ""COORDS"" : (45.97083333, -114.81805556), ""CAUSE"" : ""1(Lightning)"", ""SIZE"" : 4227.0, ""DISC"" : 220, ""CONT"" : 297.0}', '{""ID"" : 300001620, ""COORDS"" : (45.77361111, -114.74583333), ""CAUSE"" : ""1(Lightning)"", ""SIZE"" : 0.25, ""DISC"" : 236, ""CONT"" : 297.0}', '{""ID"" : 300001621, ""COORDS"" : (45.82444444, -114.44944444), ""CAUSE"" : ""1(Lightning)"", ""SIZE"" : 0.5, ""DISC"" : 223, ""CONT"" : 297.0}', '{""ID"" : 300001622, ""MTBS_ID"" : ""ID4576611479220140822(RAVEN CREEK)"", ""COORDS"" : (45.765, -114.79166667), ""CAUSE"" : ""1(Lightning)"", ""SIZE"" : 3853.0, ""DISC"" : 237, ""CONT"" : 297.0}', '{""ID"" : 300001623, ""COORDS"" : (45.91333333, -114.50083333), ""CAUSE"" : ""1(Lightning)"", ""SIZE"" : 2.0, ""DISC"" : 223, ""CONT"" : 297.0}', '{""ID"" : 300001624, ""COORDS"" : (45.84166667, -114.885), ""CAUSE"" : ""1(Lightning)"", ""SIZE"" : 1.0, ""DISC"" : 223, ""CONT"" : 297.0}']"
59,2014_014120_SELWAY COMPLEX,916738,2014_014118_RAVEN CREEK,889495,True,"['{""ID"" : 300000132, ""MTBS_ID"" : ""ID4597111481820140809(ELEVATOR MOUNTAIN)"", ""COORDS"" : (45.97083333, -114.81805556), ""CAUSE"" : ""1(Lightning)"", ""SIZE"" : 4227.0, ""DISC"" : 220, ""CONT"" : 297.0}', '{""ID"" : 300001620, ""COORDS"" : (45.77361111, -114.74583333), ""CAUSE"" : ""1(Lightning)"", ""SIZE"" : 0.25, ""DISC"" : 236, ""CONT"" : 297.0}', '{""ID"" : 300001621, ""COORDS"" : (45.82444444, -114.44944444), ""CAUSE"" : ""1(Lightning)"", ""SIZE"" : 0.5, ""DISC"" : 223, ""CONT"" : 297.0}', '{""ID"" : 300001622, ""MTBS_ID"" : ""ID4576611479220140822(RAVEN CREEK)"", ""COORDS"" : (45.765, -114.79166667), ""CAUSE"" : ""1(Lightning)"", ""SIZE"" : 3853.0, ""DISC"" : 237, ""CONT"" : 297.0}', '{""ID"" : 300001623, ""COORDS"" : (45.91333333, -114.50083333), ""CAUSE"" : ""1(Lightning)"", ""SIZE"" : 2.0, ""DISC"" : 223, ""CONT"" : 297.0}', '{""ID"" : 300001624, ""COORDS"" : (45.84166667, -114.885), ""CAUSE"" : ""1(Lightning)"", ""SIZE"" : 1.0, ""DISC"" : 223, ""CONT"" : 297.0}']"
60,2014_014268_HAYSTACK COMPLEX (7 FIRES),732239,2014_014268_HAYSTACK COMPLEX (7 FIRES),732239,True,"['{""ID"" : 300075747, ""COORDS"" : (44.49028, -119.49972), ""CAUSE"" : ""1(Lightning)"", ""SIZE"" : 490.8, ""DISC"" : 210, ""CONT"" : 212.0}', '{""ID"" : 300075956, ""COORDS"" : (44.87667, -119.3575), ""CAUSE"" : ""1(Lightning)"", ""SIZE"" : 50.6, ""DISC"" : 211, ""CONT"" : 219.0}', '{""ID"" : 300075978, ""COORDS"" : (44.82111, -119.28667), ""CAUSE"" : ""1(Lightning)"", ""SIZE"" : 71.5, ""DISC"" : 210, ""CONT"" : 220.0}', '{""ID"" : 300076711, ""MTBS_ID"" : ""OR4485911972220140730(HAYSTACK)"", ""COORDS"" : (44.87972, -119.87639), ""CAUSE"" : ""1(Lightning)"", ""SIZE"" : 1121.55, ""DISC"" : 210, ""CONT"" : 245.0}']"
61,2014_040067_MGC COMPLEX,580435,2014_014319_GREEK PEAK,575083,True,"['{""ID"" : 300021142, ""COORDS"" : (38.08, -114.1917), ""CAUSE"" : ""1(Lightning)"", ""SIZE"" : 1027.0, ""DISC"" : 184, ""CONT"" : 195.0}', '{""ID"" : 300021158, ""COORDS"" : (37.4281, -114.0528), ""CAUSE"" : ""1(Lightning)"", ""SIZE"" : 10332.0, ""DISC"" : 182, ""CONT"" : 195.0}', '{""ID"" : 300026654, ""COORDS"" : (37.4589, -113.9672), ""CAUSE"" : ""1(Lightning)"", ""SIZE"" : 761.0, ""DISC"" : 183, ""CONT"" : 193.0}']"
62,2014_023461_KING,983669,2014_023335_KING,981303,False,"['{""ID"" : 300156672, ""MTBS_ID"" : ""CA3878212060420140913(KING)"", ""COORDS"" : (38.7925, -120.6022222), ""CAUSE"" : ""13(Missing/Undefined)"", ""SIZE"" : 97717.0, ""DISC"" : 256, ""CONT"" : ""unknown""}']"
63,2014_040067_MGC COMPLEX,580435,2014_040046_MIDDLE RIDGE,570238,True,"['{""ID"" : 300021142, ""COORDS"" : (38.08, -114.1917), ""CAUSE"" : ""1(Lightning)"", ""SIZE"" : 1027.0, ""DISC"" : 184, ""CONT"" : 195.0}', '{""ID"" : 300021158, ""COORDS"" : (37.4281, -114.0528), ""CAUSE"" : ""1(Lightning)"", ""SIZE"" : 10332.0, ""DISC"" : 182, ""CONT"" : 195.0}', '{""ID"" : 300026654, ""COORDS"" : (37.4589, -113.9672), ""CAUSE"" : ""1(Lightning)"", ""SIZE"" : 761.0, ""DISC"" : 183, ""CONT"" : 193.0}']"
64,2014_000128_TWO BULLS,477140,2014_081-14_TWO BULLS,483412,False,"['{""ID"" : 300004841, ""MTBS_ID"" : ""OR4414212147220140607(TWO BULLS FIRE)"", ""COORDS"" : (44.11833333, -121.47277778), ""CAUSE"" : ""9(Miscellaneous)"", ""SIZE"" : 6908.0, ""DISC"" : 158, ""CONT"" : 165.0}']"
65,2014_140210_STALEY COMPLEX,736449,2014_140210_STALEY COMPLEX,736449,True,"['{""ID"" : 300006047, ""COORDS"" : (43.55166667, -122.28305556), ""CAUSE"" : ""1(Lightning)"", ""SIZE"" : 1.0, ""DISC"" : 223, ""CONT"" : 230.0}', '{""ID"" : 300006062, ""COORDS"" : (43.61, -122.48194444), ""CAUSE"" : ""1(Lightning)"", ""SIZE"" : 3.0, ""DISC"" : 223, ""CONT"" : 227.0}', '{""ID"" : 300006074, ""COORDS"" : (43.39055556, -122.31138889), ""CAUSE"" : ""1(Lightning)"", ""SIZE"" : 262.0, ""DISC"" : 212, ""CONT"" : 274.0}', '{""ID"" : 300006094, ""COORDS"" : (43.38444444, -122.36805556), ""CAUSE"" : ""1(Lightning)"", ""SIZE"" : 36.0, ""DISC"" : 211, ""CONT"" : 248.0}', '{""ID"" : 300006096, ""COORDS"" : (43.59888889, -122.29055556), ""CAUSE"" : ""1(Lightning)"", ""SIZE"" : 22.0, ""DISC"" : 223, ""CONT"" : 243.0}']"
66,2014_140314_PUMICE FLAT,714872,2014_140314_PUMICE FLAT,714872,True,"['{""ID"" : 300023389, ""COORDS"" : (42.90606, -122.25134), ""CAUSE"" : ""1(Lightning)"", ""SIZE"" : 0.5, ""DISC"" : 203, ""CONT"" : 208.0}', '{""ID"" : 300023390, ""COORDS"" : (42.8244, -122.15), ""CAUSE"" : ""1(Lightning)"", ""SIZE"" : 22.0, ""DISC"" : 205, ""CONT"" : 227.0}', '{""ID"" : 300023393, ""COORDS"" : (42.8353, -122.10005), ""CAUSE"" : ""1(Lightning)"", ""SIZE"" : 0.1, ""DISC"" : 211, ""CONT"" : 213.0}', '{""ID"" : 300023394, ""COORDS"" : (42.8164, -122.1331), ""CAUSE"" : ""1(Lightning)"", ""SIZE"" : 0.5, ""DISC"" : 211, ""CONT"" : 216.0}', '{""ID"" : 300023395, ""COORDS"" : (42.9575, -122.1922), ""CAUSE"" : ""1(Lightning)"", ""SIZE"" : 0.8, ""DISC"" : 211, ""CONT"" : 218.0}', '{""ID"" : 300023396, ""COORDS"" : (42.967, -122.258), ""CAUSE"" : ""1(Lightning)"", ""SIZE"" : 4.0, ""DISC"" : 211, ""CONT"" : 218.0}', '{""ID"" : 300023397, ""COORDS"" : (43.0336, -122.2331), ""CAUSE"" : ""1(Lightning)"", ""SIZE"" : 0.3, ""DISC"" : 211, ""CONT"" : 217.0}', '{""ID"" : 300023398, ""COORDS"" : (42.80049, -122.1815), ""CAUSE"" : ""1(Lightning)"", ""SIZE"" : 0.5, ""DISC"" : 211, ""CONT"" : 214.0}', '{""ID"" : 300023399, ""COORDS"" : (42.8831, -122.2019), ""CAUSE"" : ""1(Lightning)"", ""SIZE"" : 2.0, ""DISC"" : 211, ""CONT"" : 214.0}', '{""ID"" : 300023400, ""COORDS"" : (42.8483, -122.0997), ""CAUSE"" : ""1(Lightning)"", ""SIZE"" : 0.1, ""DISC"" : 211, ""CONT"" : 218.0}', '{""ID"" : 300023401, ""COORDS"" : (42.8753, -122.0842), ""CAUSE"" : ""1(Lightning)"", ""SIZE"" : 0.1, ""DISC"" : 211, ""CONT"" : 214.0}', '{""ID"" : 300023404, ""COORDS"" : (42.8053, -122.1553), ""CAUSE"" : ""1(Lightning)"", ""SIZE"" : 15.0, ""DISC"" : 213, ""CONT"" : 221.0}', '{""ID"" : 300023405, ""COORDS"" : (42.8042, -122.1318), ""CAUSE"" : ""1(Lightning)"", ""SIZE"" : 0.1, ""DISC"" : 214, ""CONT"" : 215.0}']"
67,2014_140678_CAMP CREEK COMPLEX,747605,2014_140678_CAMP CREEK COMPLEX,747605,True,
68,2014_000044_ASSAYI LAKE,499672,2014_00000044_ASAAYI LAKE,499701,False,"['{""ID"" : 300009075, ""MTBS_ID"" : ""NM3599610892020140613(ASSAYII LAKE)"", ""COORDS"" : (35.99647, -108.92028), ""CAUSE"" : ""5(Debris Burning)"", ""SIZE"" : 14712.0, ""DISC"" : 164, ""CONT"" : 174.0}']"
69,2014_000070_LOGGING UNIT FIRES,647372,2014_000318_0318 BEAR BUTTE 2 CS,689286,False,"['{""ID"" : 300004838, ""MTBS_ID"" : ""OR4463612175020140713(BEAR BUTTE 2)"", ""COORDS"" : (44.63638889, -121.74972222), ""CAUSE"" : ""1(Lightning)"", ""SIZE"" : 4040.0, ""DISC"" : 194, ""CONT"" : 311.0}', '{""ID"" : 300025074, ""COORDS"" : (45.10711, -121.72996), ""CAUSE"" : ""1(Lightning)"", ""SIZE"" : 0.1, ""DISC"" : 194, ""CONT"" : 195.0}', '{""ID"" : 300025089, ""MTBS_ID"" : ""OR4493212174420140716(LOGGING UNIT FIRES)"", ""COORDS"" : (44.93872, -121.73274), ""CAUSE"" : ""1(Lightning)"", ""SIZE"" : 6103.0, ""DISC"" : 196, ""CONT"" : 290.0}', '{""ID"" : 300025091, ""COORDS"" : (44.9597, -121.7111), ""CAUSE"" : ""1(Lightning)"", ""SIZE"" : 1.0, ""DISC"" : 196, ""CONT"" : 290.0}', '{""ID"" : 300025092, ""MTBS_ID"" : ""OR4493212174420140716(LOGGING UNIT FIRES)"", ""COORDS"" : (44.9317, -121.7436), ""CAUSE"" : ""1(Lightning)"", ""SIZE"" : 316.0, ""DISC"" : 197, ""CONT"" : 290.0}', '{""ID"" : 300025093, ""COORDS"" : (44.9739, -121.7042), ""CAUSE"" : ""1(Lightning)"", ""SIZE"" : 1.5, ""DISC"" : 197, ""CONT"" : 290.0}']"
