rating,term
1,newton's laws of motion
1,adjoint equation
1,mode
1,triple point
1,refrigeration
1,electrical network
1,valve
1,stoichiometry
1,relief valve
1,delamination
1,microtechnology
1,construction aggregate
1,momentum wheel
1,pulley
1,orbital node
1,lift 
1,control theory
1,quantum physics
1,elliptic partial differential equation
1,launch window
1,steel design
1,steam
1,temperature
1,argument of periapsis
1,falsework
1,hydraulic engineering
1,circle
1,loiter 
1,materials science
1,esa
1,prandtl-glauert singularity
1,gear coupling
1,babbitt 
1,composite material
1,quantum electrodynamics
1,airship
1,alternating current
1,propeller 
1,turbulence
1,casting
1,mathematical physics
1,institution of mechanical engineers
1,iron
1,pyroshock
1,force density
1,aerostructure
1,center of mass
1,dam
1,fluid physics
1,fibre-reinforced plastic
1,capillary action
1,deep cement mixing
1,probability theory
1,servo motor
1,galvanic cell
1,coherence 
1,statistics
1,gravitational constant
1,crankshaft
1,air handler
1,orbital stationkeeping
1,mass balance
1,screw theory
1,normal stress
1,feasibility study
1,driveshaft
1,truncated mean
1,dalton's law
1,friction
1,surveying
1,phase 
1,lepton
1,tensile stress
1,gas
1,independent suspension
1,tensile strength
1,degrees of freedom 
1,gravitation
1,conservation of mass
1,bi-elliptic transfer
1,strength of materials
1,curvilinear motion
1,potential difference
1,joist
1,structural engineering
1,specific heat
1,field emission electric propulsion
1,dragon beam
1,first fix and second fix
1,shortwave radiation
1,cable lacing
1,mass moment of inertia
1,abutment
1,orbital eccentricity
1,midhinge
1,double tee
1,brayton cycle
1,airfoil
1,shear force
1,fluid
1,grating
1,boson
1,fascia 
1,stress-strain analysis
1,ionization
1,hoist 
1,electronics
1,structural robustness
1,micromachinery
1,eigenvector slew
1,camber 
1,nuclear potential energy
1,clausius theorem
1,orbit phasing
1,ideal machine
1,newtonian fluid
1,wave
1,escape velocity
1,middle-third rule
1,haptic technology
1,touch screen
1,international system of units
1,excavator
1,gamma rays
1,do-254
1,volt-ampere
1,electric power
1,roller chain
1,elastic modulus
1,electron
1,weight transfer
1,transducer
1,tribology
1,diode
1,solid mechanics
1,special relativity
1,turbomachinery
1,lagrangian point
1,fusion deposition modelling
1,aircraft flight control systems
1,momentum
1,torsion beam suspension
1,latus rectum
1,aspect ratio 
1,centripetal force
1,fundamental interaction
1,specific gravity
1,electrical and electronics engineering
1,tire manufacturing
1,mechanosynthesis
1,biomechatronics
1,liquid air cycle engine
1,particle displacement
1,relative velocity
1,dihedral 
1,astrodynamics
1,nanoengineering
1,structural material
1,ideal gas law
1,galaxy
1,plasma processing
1,castellated beam
1,organic chemistry
1,global positioning system
1,engineering
1,twin bridges
1,lighter than air
1,mechanics
1,farad
1,pulsed inductive thruster
1,ph
1,keel effect
1,matrix 
1,valence 
1,quality 
1,root-mean-square speed
1,belt 
1,maxwell's equations
1,machine element
1,paraffin wax
1,carbon fibers
1,suspension bridge
1,gravitational energy
1,tension member
1,architectural engineering
1,boltzmann constant
1,relative density
1,mechanical equilibrium
1,resistor
1,stewart platform
1,geophysics
1,osmosis
1,henry's law
1,big dumb booster
1,laser broom
1,trimean
1,specified load
1,structural health monitoring
1,bacteria
1,molecular assembler
1,yield strength
1,helicopter flight controls
1,truck
1,four wheel drive
1,seismic analysis
1,simulation
1,shukhov rotunda
1,anemometer
1,dimensionless number
1,influence line
1,molar absorptivity
1,laser
1,parallel axes rule
1,mechanical efficiency
1,lally column
1,pulsed plasma thruster
1,inclined plane
1,archimedes' principle
1,angular acceleration
1,boundary layer
1,liquid fuels
1,electric circuit
1,servomechanism
1,action 
1,decibel
1,alloy
1,solid-state physics
1,quantum field theory
1,fatigue 
1,orbital inclination change
1,geosynchronous orbit
1,transmission 
1,rigid body
1,ionic bond
1,i-beam
1,electromagnetic radiation
1,instrumentation
1,invention
1,slide rule
1,floatstick
1,absorbance
1,damped vibration
1,scalar multiplication
1,stress-strain curve
1,newton 
1,linkage 
1,gauge 
1,compressive strength
1,membrane mirror
1,switch
1,deformation 
1,gravitational slingshot
1,buckling-restrained braced frame
1,si units
1,engineering physics
1,semiconductor
1,fraunhofer lines
1,brownian motion
1,heat shield
1,anticyclone
1,engineering drawing
1,finite element analysis
1,orbital inclination
1,skyscraper
1,van der waals equation
1,stiffness
1,landing gear
1,numerical control
1,matter
1,solid modeling
1,integral transform
1,overhang 
1,von mises yield criterion
1,volt-ampere reactive
1,orbital elements
1,electrical insulator
1,structural failure
1,aerostat
1,torsional vibration
1,dyne
1,seal 
1,shear pin
1,orbital maneuver
1,bending moment
1,brick
1,unibody
1,linear actuator
1,distance
1,muon
1,root mean square
1,hydrocarbon
1,open web steel joist
1,electric motor
1,airlock
1,landing
1,arp4761
1,equation of motion
1,inorganic chemistry
1,voltage
1,amplitude
1,future air navigation system
1,bernoulli's principle
1,axle
1,mid-range
1,coefficient of thermal expansion
1,brittleness
1,force lines
1,technical drawing
1,ballute
1,thermal radiation
1,grout
1,monopropellant rocket
1,electric current
1,framing 
1,technical standard
1,planck constant
1,hall effect thruster
1,mining engineering
1,radio direction finder
1,ammeter
1,inflatable space structures
1,darcy-weisbach equation
1,tensile modulus
1,advanced space vision system
1,airflow
1,plasticity 
1,electronic circuit
1,particle accelerator
1,modified compression field theory
1,axial stress
1,coefficient of performance
1,center of pressure 
1,volta potential
1,leading edge
1,hip roof
1,economics
1,wet-bulb temperature
1,formwork
1,alkyne
1,light
1,archimedes' screw
1,microwave landing system
1,facade engineering
1,faraday 
1,acid
1,bushing 
1,false precision
1,position vector
1,elasticity 
1,flap 
1,drag equation
1,subsumption architecture
1,hydrodynamics
1,mechanics of fluids
1,aerodynamics
1,mechanochemistry
1,derivative
1,european space agency
1,active cooling
1,kite
1,belt friction
1,osculating orbit
1,baryon
1,solubility
1,focus 
1,air conditioning
1,nuclear engineering
1,flashing 
1,aerospace engineering
1,modulus of elasticity
1,boiling-point elevation
1,departure resistance
1,engineering ethics
1,graham's law of diffusion
1,physical quantity
1,mass transfer
1,enstrophy
1,flight control surfaces
1,bernoulli differential equation
1,moment redistribution
1,arcjet rocket
1,amplifier
1,orbital period
1,freezing point
1,zeroth law of thermodynamics
1,compressibility
1,structural engineering theory
1,molding 
1,bearing capacity
1,toughness
1,raised floor
1,planetary orbit
1,viscoelasticity
1,geometric mean
1,wastewater engineering
1,median
1,sound
1,plasma physics
1,ohm's law
1,reliability engineering
1,laminar flow
1,specific weight
1,railroad switch
1,bernoulli's equation
1,static load testing
1,absolute humidity
1,torque
1,mach number
1,dc motor
1,split nut
1,isotope
1,railcar
1,atmospheric entry
1,horsepower
1,harmonic mean
1,kinematics
1,structural system
1,pitch drop experiment
1,mass
1,tensile force
1,statnamic load test
1,pascal's law
1,joule
1,backdrive
1,jack chain
1,kelvin
1,clausius inequality
1,dead reckoning
1,technology
1,life cycle assessment
1,quality assurance
1,clock
1,amphoterism
1,electric field gradient
1,superconductor
1,hobson's joint
1,gas compressor
1,statics
1,van 't hoff equation
1,break-even analysis
1,aileron
1,dumpy level
1,battery 
1,ground state
1,enzyme
1,transportation engineering
1,boiler
1,mass density
1,hydrostatics
1,bistable structure
1,autonomous vehicle
1,eccentric anomaly
1,siphon
1,electrical impedance
1,rotational speed
1,ballast
1,austenitization
1,hooke's law
1,ansi
1,electricity
1,linear algebra
1,magnetic field
1,interplanetary travel
1,offshore construction
1,accuracy and precision
1,attitude control
1,earthquake engineering
1,environmental engineering
1,legal liability
1,pump
1,lc circuit
1,trouton's rule
1,fundamental theorem of calculus
1,fracture toughness
1,post 
1,general relativity
1,drifting 
1,bonded seal
1,mechanical engineering
1,understeer
1,carbon steel
1,active transport
1,unsaturated compound
1,delta wing
1,materials engineering
1,engineering economics
1,microelectromechanical systems
1,booster 
1,truss
1,activated sludge model
1,mass number
1,angular velocity
1,brick hod
1,series and parallel circuits
1,integral
1,windpost
1,computer-aided industrial design
1,subframe
1,watt
1,motion 
1,anaerobic digestion
1,algorithm
1,acute angle
1,block and tackle
1,civil engineering
1,nuclear fusion
1,coil spring
1,topology optimization
1,navier-stokes equations
1,nanotechnology
1,torsion 
1,structural mechanics
1,cockpit
1,melting
1,international structural engineering and construction society
1,psi particle
1,delta-v
1,reverse engineering
1,expansion joint
1,propulsion
1,gravitational potential
1,torsion spring
1,plug nozzle
1,fluid mechanics
1,statical determinacy
1,classical mechanics
1,bleed air
1,wedge 
1,t-beam
1,electric field
1,helicopter
1,rear wheel drive
1,moment of inertia
1,lever
1,parity 
1,backlash 
1,granular material
1,force
1,abney level
1,molecular physics
1,pile cap
1,reinforced concrete
1,acoustics
1,flitch beam
1,flange
1,law of universal gravitation
1,gps
1,gravity
1,sublimation 
1,wear
1,design for manufacturability
1,aeronautics
1,shallow foundation
1,structural steel
1,central force motion
1,measures of central tendency
1,hollow structural section
1,displacement 
1,rolling
1,henderson-hasselbalch equation
1,multi-function structure
1,rain gutter
1,tripod 
1,l'hopital's rule
1,albedo
1,multibody system
1,robotics
1,ohm
1,delta-wye transformer
1,kentledge
1,acid strength
1,diode laser
1,storm drain
1,heat
1,electromechanics
1,neutrino
1,hohmann transfer orbit
1,linear elasticity
1,molecule
1,benefit cost analysis
1,soil structure interaction
1,absolute value
1,collimated beam
1,weld access hole
1,photon
1,volumetric flow rate
1,acoustic droplet ejection
1,track gauge
1,digital datcom
1,process control
1,physical chemistry
1,centennial challenges
1,rafter
1,kutta condition
1,first
1,alkene
1,electrical resistance
1,limit state design
1,optics
1,electron pair
1,inductor
1,annealing 
1,dynamometer
1,charles's law
1,wavelength
1,machine
1,molar concentration
1,tensile structure
1,fusible plug
1,x-bracing
1,delta-v budget
1,damp proofing
1,flight management system
1,american national standards institute
1,crystallization
1,instrument landing system
1,mathematical optimization
1,mass spectrometry
1,gear ratio
1,ductility
1,calculus
1,mechatronics
1,woodworking joints
1,delta robot
1,hypoxia 
1,trimmer 
1,hydraulics
1,keystone 
1,absolute zero
1,architecture
1,front wheel drive
1,goddard problem
1,geiger counter
1,uncertainty principle
1,professional engineer
1,abrasion 
1,kee klamp
1,nuclear physics
1,bearing 
1,metallic bond
1,hardwood
1,lightening holes
1,hadron
1,aeroacoustics
1,electromagnetism
1,acrow prop
1,superhard material
1,center of gravity
1,kirchhoff's equations
1,indicated airspeed
1,building services engineering
1,rotational energy
1,subbasement
1,metal alloy
1,circular motion
1,disk loading
1,structural integrity and failure
1,testing adjusting balancing
1,quantum mechanics
1,unsprung weight
1,phase equilibrium
1,mechanical work
1,three-phase
1,shadow matter
1,theory of elasticity
1,progressive collapse
1,van 't hoff factor
1,hyperbolic partial differential equation
1,differential 
1,precession
1,orbiter boom sensor system
1,capacitance
1,balloon 
1,mobile robot
1,fermat's principle
1,kinetic energy
1,project management
1,barrier cable
1,electrodynamics
1,gravity-based structure
1,inclinometer
1,saturated compound
1,thermodynamics
1,four-stroke cycle
1,cabin pressurization
1,aircraft flight mechanics
1,endurance time method
1,bearing pressure
1,ideal mechanical advantage
1,perpendicular axes rule
1,honeycomb structure
1,parasitic drag
1,rotordynamics
1,earthquake-resistant structures
1,aerobic digestion
1,de laval nozzle
1,safety engineering
1,clausius-clapeyron relation
1,pogo oscillation
1,clutch
1,shear stress
1,pinion
1,structural pipe fitting
1,surface tension
1,stefan-boltzmann law
1,structural engineer
1,electrical engineering
1,fillet 
1,cohesion 
1,sprung mass
1,pascal 
1,fast fracture
1,product lifecycle management
1,do-178b
1,drag coefficient
1,balance sheet
1,kirchhoff's circuit laws
1,insulating concrete form
1,structural channel
1,venturi effect
1,energy
1,lander 
1,foot-pound
1,calcium aluminate cements
1,forging
1,heat engine
1,timber framing
1,motorcycle
1,cartesian coordinate system
1,probability distribution
1,proper orbital elements
1,suspension 
1,hammerbeam roof
1,ball spline
1,toe 
1,permissible stress design
1,acid-base reaction
1,intelligent pump
1,euler-bernoulli beam equation
1,ackermann steering geometry
1,thin-shell structure
1,aerocapture
1,weighted mean
1,mini-magnetospheric plasma propulsion
1,applied mechanics
1,freefall
1,engine
1,jackscrew
1,decalage
1,laser camera system
1,strut channel
1,magnetism
1,control systems engineering
1,drag 
1,ortman key
1,ply 
1,roof
1,orbital mechanics
1,brittle
1,magnetoplasmadynamic thruster
1,gable
1,ultimate tensile strength
1,thermal equilibrium
1,hardness
1,pile splice
1,jic fitting
1,modulus of rigidity
1,eccentricity vector
1,air-augmented rocket
1,gluon
1,nuclear binding energy
1,zero defects
1,fire protection engineering
1,compensation 
1,parallel circuit
1,engineering cybernetics
1,load transfer
1,ball screw
1,pressure altitude
1,spontaneous combustion
1,unit vector
1,coefficient of variation
1,american machinists' handbook
1,green roof
1,reaction kinetics
1,algae
1,boiling point
1,electrical conductor
1,shear strength
1,molecular nanotechnology
1,magnetic circuit
1,physical science
1,fluid statics
1,kestrel 
1,liquid
1,random vibration
1,liquid-propellant rocket
1,obvert
1,bulk modulus
1,scalar 
1,oversteer
1,electrical potential energy
1,structural fracture mechanics
1,overdrive 
1,design engineering
1,turbine
1,material properties
1,accelerated life testing
1,actuator
1,gear
1,above ground level
1,automotive engineering
1,compression ratio
1,tearing
1,stress 
1,point estimation
1,gravitational field
1,geostationary orbit
1,nuclear fission
1,hertz
1,electrostatic ion thruster
1,allowance 
1,lift coefficient
1,estimator
1,plate 
1,space frame
1,beer-lambert law
1,mechanical filter
1,hvac
1,span 
1,mechanical wave
1,avionics
1,list of structural engineering software
1,vacuum
1,monocoque
1,van der waals force
1,brewster's angle
1,lightcraft
1,earthworks 
1,lagrangian mechanics
1,voussoir
1,beta particle
1,kalman filter
1,construction surveying
1,accelerometer
1,winsorized mean
1,laplace transform
1,engineering society
1,railroad car
1,interstellar travel
1,limit load 
1,glider 
1,tie 
1,pressure-fed engine 
1,poisson's ratio
1,physics
1,beam 
1,lubrication
1,wood preservation
1,rail gauge
1,base 
1,pre-engineered building
1,rubble trench foundation
1,wheel and axle
1,indefinite integral
1,gravitational wave
1,power stroke 
1,trajectory
1,metre per second
1,electric charge
1,reynolds number
1,computational fluid dynamics
1,ball detent
1,gas-generator cycle 
1,tainter gate
1,acoustic board
1,student design competition
1,automation
1,electric potential
1,electron volt
1,nose cone design
1,aeroelasticity
1,helmholtz free energy
1,ampere
1,engineering management
1,king post
1,series circuit
1,actual mechanical advantage
1,bridge
1,finite element method
1,electronegativity
1,ac power
1,sanitary engineering
1,brickwork
1,doppler effect
1,distance measuring equipment
1,rack railway
1,bus
1,alkane
1,amino acid
1,bearing surface
1,aerospace materials
1,housewrap
1,tensile testing
1,thermal conduction
1,viscosity
1,thevenin's theorem
1,street gutter
1,inertia
1,electromagnetic field
1,bravais lattice
1,antimatter rocket
1,rheology
1,structural load
1,semi-monocoque
1,clean room design
1,angular momentum
1,air conditioner
1,hinge
1,hybrid rocket
1,electric generator
1,afocal system
1,mathematics
1,molality
1,idler
1,atmosphere of earth
1,industrial engineering
1,definite integral
1,jetty
1,fluid dynamics
1,leaf spring
1,angle of attack
1,kutta joukowski theorem
1,adenosine triphosphate
1,structural analysis
1,sandwich theory
1,construction engineering
1,heat transfer
1,material selection
1,arrhenius equation
1,air compressor
1,kinematic determinacy
1,hotchkiss drive
1,imperial college london
1,liquid rocket propellants
1,expander cycle 
1,power 
1,apsis
1,glide ratio
1,parawing
1,electrical circuit
1,aerospace bearing
1,cement
1,multidisciplinary design optimization
1,acquisition of signal
1,algebra
1,differential pulley
1,frequency modulation
1,four-bar linkage
1,volt
1,electromagnet
1,elevator 
1,particle physics
1,flywheel
1,computer-aided design
1,faraday constant
1,combustion
1,melting point
1,prime mover
1,atom
1,integrated circuit
1,automaton
1,ice point
1,calculator
1,activated sludge
1,load-bearing wall
1,absolute electrode potential
1,function 
1,isro
1,amorphous solid
1,microprocessor
1,stressed skin
1,stave 
1,jacking gear
1,interplanetary transport network
1,aircraft flight control system
1,furring
1,live axle
1,camber beam
1,utility frequency
1,canard 
1,ion
1,exothermic
1,meson
1,buoyancy
1,chord 
1,molarity
1,petroleum engineering
1,queen post
1,wheel
1,anode
1,vibration
1,verification and validation
1,truss connector plate
1,beam-powered propulsion
1,plain bearing
1,fixed-wing aircraft
1,mechanical advantage
1,crystallography
1,half-life
1,dew point
1,nuclear power
1,deployable structure
1,docking sleeve
1,absolute pressure
1,balancing machine
1,multi-link suspension
1,fundamentals of engineering exam
1,kepler's laws of planetary motion
1,adhesion
1,fundamental frequency
1,maclaurin series
1,polyphase system
1,molar mass
1,continuum mechanics
1,lunar space elevator
1,work hardening
1,pendulum
1,acre
1,exploratory engineering
1,quark
1,edge jointing
1,falling bodies
1,coastal engineering
1,free fall
1,dynamic load testing
1,steering
1,hypersonic speed
1,mass driver
1,hoberman mechanism
1,mean
1,pressure
1,low earth orbit
1,prestressed concrete
1,piston
1,miller indices
1,jet engine
1,body in white
1,split pin
1,computer-aided manufacturing
1,mechanical biological treatment
1,adiabatic process
1,quality control
1,mechanism 
1,signal processing
1,geotechnical engineering
1,computer-aided engineering
1,density
1,acceleration
1,ion thruster
1,bent 
1,huygens-fresnel principle
1,manufacturing engineering
1,national advisory committee for aeronautics
1,bending
1,infrasound
1,rail tracks
1,aerobraking
1,moment 
1,buckling
1,beale number
1,compression 
1,arch
1,nth root
1,height above ground level
1,lithobraking
1,air preheater
1,abrams' law
1,dispersion 
1,clean configuration
1,plastic hinge
1,vector 
1,pneumatics
1,magnetic sail
1,agitator 
1,society of automotive engineers
1,specific volume
1,deep foundation
1,prestressed structure
1,flight dynamics
1,foundation 
1,bogie
1,multistage rocket
1,pitch angle 
1,gravel
1,yield 
1,flexibility 
1,automatic direction finder
1,doric order
1,locomotive
1,constant-velocity joint
1,factor of safety
1,nozzle
1,ideal gas
1,carbon fiber reinforced polymer
1,infill wall
1,settlement 
1,power factor
1,diesel engine
1,building engineering
1,artificial intelligence
1,ideal gas constant
1,rack and pinion
1,aircraft
1,orbit
1,constraint algorithm 
1,state of matter
1,control engineering
1,screw 
1,aggregate 
1,aerospace architecture
1,aft-crossing trajectory
1,damage tolerance
1,deflection 
1,hyshot
1,solid solution strengthening
1,dynamics 
1,aerospike engine
1,automaton clock
1,young's modulus
1,automobile handling
1,euler angles
1,electric displacement field
1,engineering brick
1,softwood
1,flying wing
1,unicode
1,specific impulse
1,urban engineering
1,simple machine
1,plasma 
1,interval estimation
1,empennage
1,endothermic
1,barometer
1,probability
1,computer
1,wheelset 
1,boyle's law
1,fuselage
1,asteroid
1,damping
1,invert level
1,cybernetics
1,machine learning
1,regelation
1,kessler syndrome
1,comet
1,chain reaction
1,internal combustion
1,american society of mechanical engineers
1,areal velocity
1,reprap project
1,agricultural engineering
1,electrical 
1,circuit 
1,compound
1,vent
1,conduit
1,cable
1,motion
,equation
,point
,orbital
,control
,differential
,current
,material
,engineers
,plastic
,motor
,constant
,air
,strength
,law
,tensile
,transfer
,potential
,radiation
,eccentricity
,cycle
,structural
,theorem
,velocity
,rule
,system
,chain
,modulus
,relativity
,fusion
,suspension
,ratio
,fundamental
,chemisty
,thruster
,effect
,speed
,carbon
,tension
,mechanical
,load
,molecular
,number
,molar
,parallel
,plasma 
,field
,body
,bond
,electromagnetic
,gravitational
,frame
,units
,lines
,solid
,pin
,thermal
,rocket
,space
,particle
,coefficient
,edge
,precision
,active
,resistance
,physical
,flow
,absolute
,split
,clausius
,joint
,state
,interplanetary
,wing
,sludge
,computer-aided
,angle
,nuclear
,spring
,determinacy
,pile
,reinforced
,gutter
,beam
,acoustic
,gauge
,plug
,flight
,robot
,motion
,weight
,theory
,surface
,balance
,concrete
,ball
,reaction
,channel
,fitting
,estimation
,filter
,transform
,railroad
,building
,seconds
,rack
,aerospace
,clean
,earth
,signal
,frequency
,wall
,series
,work
,prestressed
,rail
,magnetic
,industrial
,rendered
